config,seed,class,channel_index,geomorphon_value,geomorphon_form,mean_abs_shap
fld_chmret_leafoff,0,EMW,0,1,flat,3.220898361178115e-05
fld_chmret_leafoff,0,EMW,1,2,peak,1.1959766652580583e-06
fld_chmret_leafoff,0,EMW,2,3,ridge,7.85427437222097e-06
fld_chmret_leafoff,0,EMW,3,4,shoulder,7.777122846164275e-06
fld_chmret_leafoff,0,EMW,4,5,spur,7.80763275542995e-06
fld_chmret_leafoff,0,EMW,5,6,slope,2.218121153418906e-05
fld_chmret_leafoff,0,EMW,6,7,hollow,9.898423741105944e-06
fld_chmret_leafoff,0,EMW,7,8,footslope,1.5813942809472792e-05
fld_chmret_leafoff,0,EMW,8,9,valley,1.6946400137385353e-05
fld_chmret_leafoff,0,EMW,9,10,pit,5.270778274280019e-06
fld_chmret_leafoff,0,FSW,0,1,flat,4.860028639086522e-05
fld_chmret_leafoff,0,FSW,1,2,peak,1.8964743730975897e-06
fld_chmret_leafoff,0,FSW,2,3,ridge,1.2348772543191444e-05
fld_chmret_leafoff,0,FSW,3,4,shoulder,1.168633116321871e-05
fld_chmret_leafoff,0,FSW,4,5,spur,1.2181987585790921e-05
fld_chmret_leafoff,0,FSW,5,6,slope,3.382792056072503e-05
fld_chmret_leafoff,0,FSW,6,7,hollow,1.6058518667705357e-05
fld_chmret_leafoff,0,FSW,7,8,footslope,2.5600882509024814e-05
fld_chmret_leafoff,0,FSW,8,9,valley,3.2216594263445586e-05
fld_chmret_leafoff,0,FSW,9,10,pit,8.446755600743927e-06
fld_chmret_leafoff,0,SSW,0,1,flat,3.878130155499093e-05
fld_chmret_leafoff,0,SSW,1,2,peak,1.1950512543990044e-06
fld_chmret_leafoff,0,SSW,2,3,ridge,7.242178980959579e-06
fld_chmret_leafoff,0,SSW,3,4,shoulder,7.604547135997564e-06
fld_chmret_leafoff,0,SSW,4,5,spur,7.4019467319885734e-06
fld_chmret_leafoff,0,SSW,5,6,slope,2.380647674726788e-05
fld_chmret_leafoff,0,SSW,6,7,hollow,1.0587467841105536e-05
fld_chmret_leafoff,0,SSW,7,8,footslope,2.2388270735973492e-05
fld_chmret_leafoff,0,SSW,8,9,valley,2.1709103748435155e-05
fld_chmret_leafoff,0,SSW,9,10,pit,6.177307113830466e-06
fld_chmret_leafoff,0,UPL,0,1,flat,6.635575846303254e-05
fld_chmret_leafoff,0,UPL,1,2,peak,2.0937591216352303e-06
fld_chmret_leafoff,0,UPL,2,3,ridge,1.3509874406736344e-05
fld_chmret_leafoff,0,UPL,3,4,shoulder,1.3443098396237474e-05
fld_chmret_leafoff,0,UPL,4,5,spur,1.3469068107951898e-05
fld_chmret_leafoff,0,UPL,5,6,slope,4.11633045587223e-05
fld_chmret_leafoff,0,UPL,6,7,hollow,1.8893697415478528e-05
fld_chmret_leafoff,0,UPL,7,8,footslope,3.531335460138507e-05
fld_chmret_leafoff,0,UPL,8,9,valley,4.1560611862223595e-05
fld_chmret_leafoff,0,UPL,9,10,pit,1.0046795068774372e-05
fld_chmret_leafoff,0,overall,0,1,flat,4.6486584324156865e-05
fld_chmret_leafoff,0,overall,1,2,peak,1.595315438862599e-06
fld_chmret_leafoff,0,overall,2,3,ridge,1.0238774848403409e-05
fld_chmret_leafoff,0,overall,3,4,shoulder,1.012777465803083e-05
fld_chmret_leafoff,0,overall,4,5,spur,1.0215158908977173e-05
fld_chmret_leafoff,0,overall,5,6,slope,3.024472971446812e-05
fld_chmret_leafoff,0,overall,6,7,hollow,1.3859526916348841e-05
fld_chmret_leafoff,0,overall,7,8,footslope,2.4779110390227288e-05
fld_chmret_leafoff,0,overall,8,9,valley,2.8108177502872422e-05
fld_chmret_leafoff,0,overall,9,10,pit,7.485408787033521e-06
fld_chmret_leafoff,1,EMW,0,1,flat,2.0970946934539825e-05
fld_chmret_leafoff,1,EMW,1,2,peak,1.2625373528862838e-06
fld_chmret_leafoff,1,EMW,2,3,ridge,3.759928858926287e-06
fld_chmret_leafoff,1,EMW,3,4,shoulder,6.396613116521621e-06
fld_chmret_leafoff,1,EMW,4,5,spur,5.8073046602658e-06
fld_chmret_leafoff,1,EMW,5,6,slope,2.0874998881481588e-05
fld_chmret_leafoff,1,EMW,6,7,hollow,6.7665946517081466e-06
fld_chmret_leafoff,1,EMW,7,8,footslope,1.166320998891024e-05
fld_chmret_leafoff,1,EMW,8,9,valley,1.293083460041089e-05
fld_chmret_leafoff,1,EMW,9,10,pit,3.094437488471158e-06
fld_chmret_leafoff,1,FSW,0,1,flat,2.7089650757261552e-05
fld_chmret_leafoff,1,FSW,1,2,peak,3.629785396697116e-06
fld_chmret_leafoff,1,FSW,2,3,ridge,1.0025281881098635e-05
fld_chmret_leafoff,1,FSW,3,4,shoulder,7.751508746878244e-06
fld_chmret_leafoff,1,FSW,4,5,spur,1.5519979569944553e-05
fld_chmret_leafoff,1,FSW,5,6,slope,3.8531645259354264e-05
fld_chmret_leafoff,1,FSW,6,7,hollow,1.5372974303318188e-05
fld_chmret_leafoff,1,FSW,7,8,footslope,1.5779636669321917e-05
fld_chmret_leafoff,1,FSW,8,9,valley,2.1315188860171475e-05
fld_chmret_leafoff,1,FSW,9,10,pit,4.506042841967428e-06
fld_chmret_leafoff,1,SSW,0,1,flat,2.5146300686174072e-05
fld_chmret_leafoff,1,SSW,1,2,peak,2.1726236809627153e-06
fld_chmret_leafoff,1,SSW,2,3,ridge,5.950514605501667e-06
fld_chmret_leafoff,1,SSW,3,4,shoulder,7.308598924282705e-06
fld_chmret_leafoff,1,SSW,4,5,spur,8.618295396445319e-06
fld_chmret_leafoff,1,SSW,5,6,slope,2.2900101612322032e-05
fld_chmret_leafoff,1,SSW,6,7,hollow,8.424779480264988e-06
fld_chmret_leafoff,1,SSW,7,8,footslope,1.4306086995929945e-05
fld_chmret_leafoff,1,SSW,8,9,valley,1.6903690266190097e-05
fld_chmret_leafoff,1,SSW,9,10,pit,4.271545094525209e-06
fld_chmret_leafoff,1,UPL,0,1,flat,2.976070754812099e-05
fld_chmret_leafoff,1,UPL,1,2,peak,3.2574087072134716e-06
fld_chmret_leafoff,1,UPL,2,3,ridge,8.276385415229015e-06
fld_chmret_leafoff,1,UPL,3,4,shoulder,1.0940503671008628e-05
fld_chmret_leafoff,1,UPL,4,5,spur,1.229690224135993e-05
fld_chmret_leafoff,1,UPL,5,6,slope,3.3756568882381544e-05
fld_chmret_leafoff,1,UPL,6,7,hollow,1.0376926184108015e-05
fld_chmret_leafoff,1,UPL,7,8,footslope,1.8061296941596083e-05
fld_chmret_leafoff,1,UPL,8,9,valley,2.1337766156648286e-05
fld_chmret_leafoff,1,UPL,9,10,pit,5.715657152904896e-06
fld_chmret_leafoff,1,overall,0,1,flat,2.574190148152411e-05
fld_chmret_leafoff,1,overall,1,2,peak,2.5805888981267344e-06
fld_chmret_leafoff,1,overall,2,3,ridge,7.003027803875739e-06
fld_chmret_leafoff,1,overall,3,4,shoulder,8.099305887299124e-06
fld_chmret_leafoff,1,overall,4,5,spur,1.05606204670039e-05
fld_chmret_leafoff,1,overall,5,6,slope,2.9015827749390155e-05
fld_chmret_leafoff,1,overall,6,7,hollow,1.0235318768536672e-05
fld_chmret_leafoff,1,overall,7,8,footslope,1.4952556739444844e-05
fld_chmret_leafoff,1,overall,8,9,valley,1.812186928873416e-05
fld_chmret_leafoff,1,overall,9,10,pit,4.39692075815401e-06
fld_chmret_leafoff,2,EMW,0,1,flat,3.1399205909110606e-05
fld_chmret_leafoff,2,EMW,1,2,peak,1.464145725549315e-06
fld_chmret_leafoff,2,EMW,2,3,ridge,7.0890710048843175e-06
fld_chmret_leafoff,2,EMW,3,4,shoulder,6.737004696333315e-06
fld_chmret_leafoff,2,EMW,4,5,spur,7.81952894612914e-06
fld_chmret_leafoff,2,EMW,5,6,slope,2.7640198823064566e-05
fld_chmret_leafoff,2,EMW,6,7,hollow,7.379187991318759e-06
fld_chmret_leafoff,2,EMW,7,8,footslope,1.408600655850023e-05
fld_chmret_leafoff,2,EMW,8,9,valley,1.6572153981542215e-05
fld_chmret_leafoff,2,EMW,9,10,pit,2.335983253942686e-06
fld_chmret_leafoff,2,FSW,0,1,flat,5.102289287606254e-05
fld_chmret_leafoff,2,FSW,1,2,peak,3.3121668820967898e-06
fld_chmret_leafoff,2,FSW,2,3,ridge,1.1859292499138974e-05
fld_chmret_leafoff,2,FSW,3,4,shoulder,1.1071367225667927e-05
fld_chmret_leafoff,2,FSW,4,5,spur,1.493185573053779e-05
fld_chmret_leafoff,2,FSW,5,6,slope,4.455080124898814e-05
fld_chmret_leafoff,2,FSW,6,7,hollow,1.4278266462497413e-05
fld_chmret_leafoff,2,FSW,7,8,footslope,2.4045759346336126e-05
fld_chmret_leafoff,2,FSW,8,9,valley,3.275585186202079e-05
fld_chmret_leafoff,2,FSW,9,10,pit,4.685737167164916e-06
fld_chmret_leafoff,2,SSW,0,1,flat,4.0277336665894836e-05
fld_chmret_leafoff,2,SSW,1,2,peak,2.1292576093401294e-06
fld_chmret_leafoff,2,SSW,2,3,ridge,1.001275177259231e-05
fld_chmret_leafoff,2,SSW,3,4,shoulder,7.928438208182342e-06
fld_chmret_leafoff,2,SSW,4,5,spur,9.761573892319575e-06
fld_chmret_leafoff,2,SSW,5,6,slope,3.338799433549866e-05
fld_chmret_leafoff,2,SSW,6,7,hollow,8.46155671752058e-06
fld_chmret_leafoff,2,SSW,7,8,footslope,1.5990146494004875e-05
fld_chmret_leafoff,2,SSW,8,9,valley,1.7740750990924425e-05
fld_chmret_leafoff,2,SSW,9,10,pit,2.4544324332964607e-06
fld_chmret_leafoff,2,UPL,0,1,flat,3.687847492983565e-05
fld_chmret_leafoff,2,UPL,1,2,peak,3.0686283025715966e-06
fld_chmret_leafoff,2,UPL,2,3,ridge,1.1620182704064064e-05
fld_chmret_leafoff,2,UPL,3,4,shoulder,1.143581721407827e-05
fld_chmret_leafoff,2,UPL,4,5,spur,1.446901023882674e-05
fld_chmret_leafoff,2,UPL,5,6,slope,4.934233220410533e-05
fld_chmret_leafoff,2,UPL,6,7,hollow,1.0257788744638674e-05
fld_chmret_leafoff,2,UPL,7,8,footslope,1.7801477952161804e-05
fld_chmret_leafoff,2,UPL,8,9,valley,1.9577430066419765e-05
fld_chmret_leafoff,2,UPL,9,10,pit,2.9129382710380014e-06
fld_chmret_leafoff,2,overall,0,1,flat,3.9894475776236504e-05
fld_chmret_leafoff,2,overall,1,2,peak,2.493549573046039e-06
fld_chmret_leafoff,2,overall,2,3,ridge,1.014532426779624e-05
fld_chmret_leafoff,2,overall,3,4,shoulder,9.293156836065464e-06
fld_chmret_leafoff,2,overall,4,5,spur,1.1745491974579636e-05
fld_chmret_leafoff,2,overall,5,6,slope,3.873033347190358e-05
fld_chmret_leafoff,2,overall,6,7,hollow,1.0094199751620181e-05
fld_chmret_leafoff,2,overall,7,8,footslope,1.798084849724546e-05
fld_chmret_leafoff,2,overall,8,9,valley,2.166154808946885e-05
fld_chmret_leafoff,2,overall,9,10,pit,3.097272838203935e-06
fld_chmret_leafoff,3,EMW,0,1,flat,1.1674500456138048e-05
fld_chmret_leafoff,3,EMW,1,2,peak,7.46553894259705e-07
fld_chmret_leafoff,3,EMW,2,3,ridge,4.606508355209371e-06
fld_chmret_leafoff,3,EMW,3,4,shoulder,4.617364538717084e-06
fld_chmret_leafoff,3,EMW,4,5,spur,6.023630248819245e-06
fld_chmret_leafoff,3,EMW,5,6,slope,1.4334014849737287e-05
fld_chmret_leafoff,3,EMW,6,7,hollow,6.548348665091908e-06
fld_chmret_leafoff,3,EMW,7,8,footslope,7.843262210371904e-06
fld_chmret_leafoff,3,EMW,8,9,valley,1.0634602404024918e-05
fld_chmret_leafoff,3,EMW,9,10,pit,3.1062459129316267e-06
fld_chmret_leafoff,3,FSW,0,1,flat,2.6194898964604363e-05
fld_chmret_leafoff,3,FSW,1,2,peak,2.8331928660918493e-06
fld_chmret_leafoff,3,FSW,2,3,ridge,1.6326826880685985e-05
fld_chmret_leafoff,3,FSW,3,4,shoulder,1.5456596884177998e-05
fld_chmret_leafoff,3,FSW,4,5,spur,2.3205164325190708e-05
fld_chmret_leafoff,3,FSW,5,6,slope,4.430170884006657e-05
fld_chmret_leafoff,3,FSW,6,7,hollow,1.9205272110411897e-05
fld_chmret_leafoff,3,FSW,7,8,footslope,1.7913331248564646e-05
fld_chmret_leafoff,3,FSW,8,9,valley,2.378732642682735e-05
fld_chmret_leafoff,3,FSW,9,10,pit,5.996122126816772e-06
fld_chmret_leafoff,3,SSW,0,1,flat,1.804227940738201e-05
fld_chmret_leafoff,3,SSW,1,2,peak,1.1587109156607767e-06
fld_chmret_leafoff,3,SSW,2,3,ridge,6.5071662902482785e-06
fld_chmret_leafoff,3,SSW,3,4,shoulder,6.724415925418725e-06
fld_chmret_leafoff,3,SSW,4,5,spur,8.270978469226975e-06
fld_chmret_leafoff,3,SSW,5,6,slope,2.2100412024883553e-05
fld_chmret_leafoff,3,SSW,6,7,hollow,8.282160706585273e-06
fld_chmret_leafoff,3,SSW,7,8,footslope,1.08136273411219e-05
fld_chmret_leafoff,3,SSW,8,9,valley,1.4230708075047005e-05
fld_chmret_leafoff,3,SSW,9,10,pit,3.265238092353684e-06
fld_chmret_leafoff,3,UPL,0,1,flat,2.1817981178173795e-05
fld_chmret_leafoff,3,UPL,1,2,peak,3.11637154482014e-06
fld_chmret_leafoff,3,UPL,2,3,ridge,1.6905534721445292e-05
fld_chmret_leafoff,3,UPL,3,4,shoulder,1.679516935837455e-05
fld_chmret_leafoff,3,UPL,4,5,spur,2.560199391155038e-05
fld_chmret_leafoff,3,UPL,5,6,slope,5.1219256420154124e-05
fld_chmret_leafoff,3,UPL,6,7,hollow,1.7662623577052727e-05
fld_chmret_leafoff,3,UPL,7,8,footslope,1.535057344881352e-05
fld_chmret_leafoff,3,UPL,8,9,valley,1.8468415873940103e-05
fld_chmret_leafoff,3,UPL,9,10,pit,5.967143806628883e-06
fld_chmret_leafoff,3,overall,0,1,flat,1.943241477420088e-05
fld_chmret_leafoff,3,overall,1,2,peak,1.963707290997263e-06
fld_chmret_leafoff,3,overall,2,3,ridge,1.1086509402957745e-05
fld_chmret_leafoff,3,overall,3,4,shoulder,1.0898386790358927e-05
fld_chmret_leafoff,3,overall,4,5,spur,1.577544207975734e-05
fld_chmret_leafoff,3,overall,5,6,slope,3.2988849852699786e-05
fld_chmret_leafoff,3,overall,6,7,hollow,1.2924600923724938e-05
fld_chmret_leafoff,3,overall,7,8,footslope,1.2980199244339019e-05
fld_chmret_leafoff,3,overall,8,9,valley,1.6780262740212493e-05
fld_chmret_leafoff,3,overall,9,10,pit,4.583687768899836e-06
fld_chmret_leafoff,4,EMW,0,1,flat,2.0866531485808082e-05
fld_chmret_leafoff,4,EMW,1,2,peak,6.691571456940437e-07
fld_chmret_leafoff,4,EMW,2,3,ridge,5.870841960131656e-06
fld_chmret_leafoff,4,EMW,3,4,shoulder,4.732809429697227e-06
fld_chmret_leafoff,4,EMW,4,5,spur,6.637596925429534e-06
fld_chmret_leafoff,4,EMW,5,6,slope,1.684624658082612e-05
fld_chmret_leafoff,4,EMW,6,7,hollow,7.31688624000526e-06
fld_chmret_leafoff,4,EMW,7,8,footslope,1.388067721563857e-05
fld_chmret_leafoff,4,EMW,8,9,valley,1.201833765662741e-05
fld_chmret_leafoff,4,EMW,9,10,pit,2.986161234730389e-06
fld_chmret_leafoff,4,FSW,0,1,flat,2.954408773803152e-05
fld_chmret_leafoff,4,FSW,1,2,peak,1.6001438325474737e-06
fld_chmret_leafoff,4,FSW,2,3,ridge,1.483891719544772e-05
fld_chmret_leafoff,4,FSW,3,4,shoulder,9.427572877029888e-06
fld_chmret_leafoff,4,FSW,4,5,spur,1.8868517145165242e-05
fld_chmret_leafoff,4,FSW,5,6,slope,3.738996747415513e-05
fld_chmret_leafoff,4,FSW,6,7,hollow,1.5205541785690002e-05
fld_chmret_leafoff,4,FSW,7,8,footslope,2.182423122576438e-05
fld_chmret_leafoff,4,FSW,8,9,valley,2.199907976319082e-05
fld_chmret_leafoff,4,FSW,9,10,pit,6.4300520534743555e-06
fld_chmret_leafoff,4,SSW,0,1,flat,2.675056384759955e-05
fld_chmret_leafoff,4,SSW,1,2,peak,9.135229674939183e-07
fld_chmret_leafoff,4,SSW,2,3,ridge,8.551220162189566e-06
fld_chmret_leafoff,4,SSW,3,4,shoulder,6.142773145256797e-06
fld_chmret_leafoff,4,SSW,4,5,spur,1.0581717106106225e-05
fld_chmret_leafoff,4,SSW,5,6,slope,2.6732432161225006e-05
fld_chmret_leafoff,4,SSW,6,7,hollow,8.866119969752617e-06
fld_chmret_leafoff,4,SSW,7,8,footslope,1.5732577594462782e-05
fld_chmret_leafoff,4,SSW,8,9,valley,1.3805317394144367e-05
fld_chmret_leafoff,4,SSW,9,10,pit,3.271576588304015e-06
fld_chmret_leafoff,4,UPL,0,1,flat,2.3780676201567985e-05
fld_chmret_leafoff,4,UPL,1,2,peak,1.146796648754389e-06
fld_chmret_leafoff,4,UPL,2,3,ridge,1.1944623111048713e-05
fld_chmret_leafoff,4,UPL,3,4,shoulder,7.467721388820792e-06
fld_chmret_leafoff,4,UPL,4,5,spur,1.4534661204379518e-05
fld_chmret_leafoff,4,UPL,5,6,slope,3.390463098185137e-05
fld_chmret_leafoff,4,UPL,6,7,hollow,9.984492862713523e-06
fld_chmret_leafoff,4,UPL,7,8,footslope,1.582363802299369e-05
fld_chmret_leafoff,4,UPL,8,9,valley,1.5844689187360927e-05
fld_chmret_leafoff,4,UPL,9,10,pit,4.535521838988643e-06
fld_chmret_leafoff,4,overall,0,1,flat,2.5235463908757083e-05
fld_chmret_leafoff,4,overall,1,2,peak,1.082405105989892e-06
fld_chmret_leafoff,4,overall,2,3,ridge,1.030140083457809e-05
fld_chmret_leafoff,4,overall,3,4,shoulder,6.942719210201176e-06
fld_chmret_leafoff,4,overall,4,5,spur,1.2655622413149104e-05
fld_chmret_leafoff,4,overall,5,6,slope,2.8718319299514405e-05
fld_chmret_leafoff,4,overall,6,7,hollow,1.0343259418732487e-05
fld_chmret_leafoff,4,overall,7,8,footslope,1.6815280105220154e-05
fld_chmret_leafoff,4,overall,8,9,valley,1.5916855772957206e-05
fld_chmret_leafoff,4,overall,9,10,pit,4.305828042561188e-06
fld_chmret_leafon,0,EMW,0,1,flat,3.178633050993085e-05
fld_chmret_leafon,0,EMW,1,2,peak,1.5967787021509139e-06
fld_chmret_leafon,0,EMW,2,3,ridge,9.09558730199933e-06
fld_chmret_leafon,0,EMW,3,4,shoulder,8.219180926971603e-06
fld_chmret_leafon,0,EMW,4,5,spur,9.40915742830839e-06
fld_chmret_leafon,0,EMW,5,6,slope,2.6310226530767977e-05
fld_chmret_leafon,0,EMW,6,7,hollow,1.1040756362490356e-05
fld_chmret_leafon,0,EMW,7,8,footslope,1.607313060958404e-05
fld_chmret_leafon,0,EMW,8,9,valley,1.6283705917885527e-05
fld_chmret_leafon,0,EMW,9,10,pit,4.530344995146152e-06
fld_chmret_leafon,0,FSW,0,1,flat,6.255284824874252e-05
fld_chmret_leafon,0,FSW,1,2,peak,3.394809709789115e-06
fld_chmret_leafon,0,FSW,2,3,ridge,1.8098087821272202e-05
fld_chmret_leafon,0,FSW,3,4,shoulder,1.5643763617845252e-05
fld_chmret_leafon,0,FSW,4,5,spur,1.9649438399937935e-05
fld_chmret_leafon,0,FSW,5,6,slope,5.401340240496211e-05
fld_chmret_leafon,0,FSW,6,7,hollow,2.3544627765659243e-05
fld_chmret_leafon,0,FSW,7,8,footslope,2.9972472475492395e-05
fld_chmret_leafon,0,FSW,8,9,valley,3.9578346331836656e-05
fld_chmret_leafon,0,FSW,9,10,pit,8.159474418789614e-06
fld_chmret_leafon,0,SSW,0,1,flat,3.1578372727381065e-05
fld_chmret_leafon,0,SSW,1,2,peak,1.5788249356774031e-06
fld_chmret_leafon,0,SSW,2,3,ridge,7.965067197801545e-06
fld_chmret_leafon,0,SSW,3,4,shoulder,6.816087079641875e-06
fld_chmret_leafon,0,SSW,4,5,spur,8.94158256414812e-06
fld_chmret_leafon,0,SSW,5,6,slope,2.3254455300047994e-05
fld_chmret_leafon,0,SSW,6,7,hollow,1.1577929399209097e-05
fld_chmret_leafon,0,SSW,7,8,footslope,1.5700270523666404e-05
fld_chmret_leafon,0,SSW,8,9,valley,1.7248732547159307e-05
fld_chmret_leafon,0,SSW,9,10,pit,4.475834884942742e-06
fld_chmret_leafon,0,UPL,0,1,flat,5.3851963457418606e-05
fld_chmret_leafon,0,UPL,1,2,peak,3.5565215057431487e-06
fld_chmret_leafon,0,UPL,2,3,ridge,1.768781294231303e-05
fld_chmret_leafon,0,UPL,3,4,shoulder,1.6395442798966542e-05
fld_chmret_leafon,0,UPL,4,5,spur,1.8323738913750276e-05
fld_chmret_leafon,0,UPL,5,6,slope,5.155999679118395e-05
fld_chmret_leafon,0,UPL,6,7,hollow,2.0882778699160554e-05
fld_chmret_leafon,0,UPL,7,8,footslope,2.9162256396375597e-05
fld_chmret_leafon,0,UPL,8,9,valley,3.291326720500365e-05
fld_chmret_leafon,0,UPL,9,10,pit,8.719556717551313e-06
fld_chmret_leafon,0,overall,0,1,flat,4.494237873586826e-05
fld_chmret_leafon,0,overall,1,2,peak,2.5317337986052735e-06
fld_chmret_leafon,0,overall,2,3,ridge,1.3211639270593878e-05
fld_chmret_leafon,0,overall,3,4,shoulder,1.1768618605856318e-05
fld_chmret_leafon,0,overall,4,5,spur,1.4080979781283531e-05
fld_chmret_leafon,0,overall,5,6,slope,3.878452116623521e-05
fld_chmret_leafon,0,overall,6,7,hollow,1.6761523511377163e-05
fld_chmret_leafon,0,overall,7,8,footslope,2.272703204653226e-05
fld_chmret_leafon,0,overall,8,9,valley,2.6506013455218635e-05
fld_chmret_leafon,0,overall,9,10,pit,6.4713026404206175e-06
fld_chmret_leafon,1,EMW,0,1,flat,1.5196998901956249e-05
fld_chmret_leafon,1,EMW,1,2,peak,1.738231730996631e-06
fld_chmret_leafon,1,EMW,2,3,ridge,4.260099558450747e-06
fld_chmret_leafon,1,EMW,3,4,shoulder,4.043047283630585e-06
fld_chmret_leafon,1,EMW,4,5,spur,4.570304099615896e-06
fld_chmret_leafon,1,EMW,5,6,slope,1.6362022506655194e-05
fld_chmret_leafon,1,EMW,6,7,hollow,4.7885082494758535e-06
fld_chmret_leafon,1,EMW,7,8,footslope,8.157299816957675e-06
fld_chmret_leafon,1,EMW,8,9,valley,8.993326446216088e-06
fld_chmret_leafon,1,EMW,9,10,pit,2.1144107904547127e-06
fld_chmret_leafon,1,FSW,0,1,flat,2.4996139472932555e-05
fld_chmret_leafon,1,FSW,1,2,peak,2.7233022592554335e-06
fld_chmret_leafon,1,FSW,2,3,ridge,7.781423846608959e-06
fld_chmret_leafon,1,FSW,3,4,shoulder,6.342500455502886e-06
fld_chmret_leafon,1,FSW,4,5,spur,1.2373561730782967e-05
fld_chmret_leafon,1,FSW,5,6,slope,2.6527570298640057e-05
fld_chmret_leafon,1,FSW,6,7,hollow,1.0646610462572426e-05
fld_chmret_leafon,1,FSW,7,8,footslope,1.1602404811128508e-05
fld_chmret_leafon,1,FSW,8,9,valley,2.0144940208410844e-05
fld_chmret_leafon,1,FSW,9,10,pit,3.195533963662456e-06
fld_chmret_leafon,1,SSW,0,1,flat,2.8035929062752984e-05
fld_chmret_leafon,1,SSW,1,2,peak,3.5495963857101742e-06
fld_chmret_leafon,1,SSW,2,3,ridge,7.931013897177763e-06
fld_chmret_leafon,1,SSW,3,4,shoulder,7.4384793151693884e-06
fld_chmret_leafon,1,SSW,4,5,spur,8.62578053784091e-06
fld_chmret_leafon,1,SSW,5,6,slope,2.846123607014306e-05
fld_chmret_leafon,1,SSW,6,7,hollow,9.624175618228037e-06
fld_chmret_leafon,1,SSW,7,8,footslope,1.465341938455822e-05
fld_chmret_leafon,1,SSW,8,9,valley,1.509849516878603e-05
fld_chmret_leafon,1,SSW,9,10,pit,3.1008589758130256e-06
fld_chmret_leafon,1,UPL,0,1,flat,2.4312725145136937e-05
fld_chmret_leafon,1,UPL,1,2,peak,4.813511623069644e-06
fld_chmret_leafon,1,UPL,2,3,ridge,8.944062756199855e-06
fld_chmret_leafon,1,UPL,3,4,shoulder,8.732216883799993e-06
fld_chmret_leafon,1,UPL,4,5,spur,1.3091141227050684e-05
fld_chmret_leafon,1,UPL,5,6,slope,3.89749911846593e-05
fld_chmret_leafon,1,UPL,6,7,hollow,1.143129247793695e-05
fld_chmret_leafon,1,UPL,7,8,footslope,1.4442492101807147e-05
fld_chmret_leafon,1,UPL,8,9,valley,1.8691480363486335e-05
fld_chmret_leafon,1,UPL,9,10,pit,4.277212156011956e-06
fld_chmret_leafon,1,overall,0,1,flat,2.313544973731041e-05
fld_chmret_leafon,1,overall,1,2,peak,3.2061604997579707e-06
fld_chmret_leafon,1,overall,2,3,ridge,7.22914955986198e-06
fld_chmret_leafon,1,overall,3,4,shoulder,6.639060757152038e-06
fld_chmret_leafon,1,overall,4,5,spur,9.665196557762101e-06
fld_chmret_leafon,1,overall,5,6,slope,2.7581456379266456e-05
fld_chmret_leafon,1,overall,6,7,hollow,9.122646588366479e-06
fld_chmret_leafon,1,overall,7,8,footslope,1.2213903573865537e-05
fld_chmret_leafon,1,overall,8,9,valley,1.5732061001472175e-05
fld_chmret_leafon,1,overall,9,10,pit,3.172003744111862e-06
fld_chmret_leafon,2,EMW,0,1,flat,3.8462654629256576e-05
fld_chmret_leafon,2,EMW,1,2,peak,1.5766281649121083e-06
fld_chmret_leafon,2,EMW,2,3,ridge,7.828345587768126e-06
fld_chmret_leafon,2,EMW,3,4,shoulder,7.083997388690477e-06
fld_chmret_leafon,2,EMW,4,5,spur,8.30792123451829e-06
fld_chmret_leafon,2,EMW,5,6,slope,2.609841430967208e-05
fld_chmret_leafon,2,EMW,6,7,hollow,8.30389944894705e-06
fld_chmret_leafon,2,EMW,7,8,footslope,1.7781585484044626e-05
fld_chmret_leafon,2,EMW,8,9,valley,1.7338783436571248e-05
fld_chmret_leafon,2,EMW,9,10,pit,2.5586309675418306e-06
fld_chmret_leafon,2,FSW,0,1,flat,5.324303128872998e-05
fld_chmret_leafon,2,FSW,1,2,peak,2.7826029054267565e-06
fld_chmret_leafon,2,FSW,2,3,ridge,1.17990812213975e-05
fld_chmret_leafon,2,FSW,3,4,shoulder,1.118933596444549e-05
fld_chmret_leafon,2,FSW,4,5,spur,1.3632716218126006e-05
fld_chmret_leafon,2,FSW,5,6,slope,4.4452081056078896e-05
fld_chmret_leafon,2,FSW,6,7,hollow,1.474598866479937e-05
fld_chmret_leafon,2,FSW,7,8,footslope,2.936143209808506e-05
fld_chmret_leafon,2,FSW,8,9,valley,3.063663825741969e-05
fld_chmret_leafon,2,FSW,9,10,pit,4.404174433148e-06
fld_chmret_leafon,2,SSW,0,1,flat,5.035049980506301e-05
fld_chmret_leafon,2,SSW,1,2,peak,2.1548999029619154e-06
fld_chmret_leafon,2,SSW,2,3,ridge,9.773715646588244e-06
fld_chmret_leafon,2,SSW,3,4,shoulder,8.876292667991947e-06
fld_chmret_leafon,2,SSW,4,5,spur,9.414132364327088e-06
fld_chmret_leafon,2,SSW,5,6,slope,2.7771846362156793e-05
fld_chmret_leafon,2,SSW,6,7,hollow,8.259031346824486e-06
fld_chmret_leafon,2,SSW,7,8,footslope,2.1495350665645674e-05
fld_chmret_leafon,2,SSW,8,9,valley,1.9105780665995553e-05
fld_chmret_leafon,2,SSW,9,10,pit,3.070176262554014e-06
fld_chmret_leafon,2,UPL,0,1,flat,7.384492346318439e-05
fld_chmret_leafon,2,UPL,1,2,peak,4.090856236871332e-06
fld_chmret_leafon,2,UPL,2,3,ridge,1.5802412235643715e-05
fld_chmret_leafon,2,UPL,3,4,shoulder,1.4641705092799384e-05
fld_chmret_leafon,2,UPL,4,5,spur,1.596931178937666e-05
fld_chmret_leafon,2,UPL,5,6,slope,5.539487028727308e-05
fld_chmret_leafon,2,UPL,6,7,hollow,1.4957337043597363e-05
fld_chmret_leafon,2,UPL,7,8,footslope,3.489309165161103e-05
fld_chmret_leafon,2,UPL,8,9,valley,3.1625408155377954e-05
fld_chmret_leafon,2,UPL,9,10,pit,5.2942841648473404e-06
fld_chmret_leafon,2,overall,0,1,flat,5.3975280025042593e-05
fld_chmret_leafon,2,overall,1,2,peak,2.6512466320127714e-06
fld_chmret_leafon,2,overall,2,3,ridge,1.1300888218102045e-05
fld_chmret_leafon,2,overall,3,4,shoulder,1.0447832210047636e-05
fld_chmret_leafon,2,overall,4,5,spur,1.1831020856334362e-05
fld_chmret_leafon,2,overall,5,6,slope,3.842930163955316e-05
fld_chmret_leafon,2,overall,6,7,hollow,1.1566564353415743e-05
fld_chmret_leafon,2,overall,7,8,footslope,2.58828658843413e-05
fld_chmret_leafon,2,overall,8,9,valley,2.467665217409376e-05
fld_chmret_leafon,2,overall,9,10,pit,3.831816684396472e-06
fld_chmret_leafon,3,EMW,0,1,flat,1.043434258463094e-05
fld_chmret_leafon,3,EMW,1,2,peak,6.356518156280799e-07
fld_chmret_leafon,3,EMW,2,3,ridge,4.118878678127658e-06
fld_chmret_leafon,3,EMW,3,4,shoulder,3.797479848799412e-06
fld_chmret_leafon,3,EMW,4,5,spur,4.343303317000391e-06
fld_chmret_leafon,3,EMW,5,6,slope,9.548437446937896e-06
fld_chmret_leafon,3,EMW,6,7,hollow,4.185180841886904e-06
fld_chmret_leafon,3,EMW,7,8,footslope,7.398437446681783e-06
fld_chmret_leafon,3,EMW,8,9,valley,9.195637176162563e-06
fld_chmret_leafon,3,EMW,9,10,pit,1.8730688680079766e-06
fld_chmret_leafon,3,FSW,0,1,flat,3.200430001015775e-05
fld_chmret_leafon,3,FSW,1,2,peak,2.4611176741018426e-06
fld_chmret_leafon,3,FSW,2,3,ridge,1.2529048035503365e-05
fld_chmret_leafon,3,FSW,3,4,shoulder,1.278931631532032e-05
fld_chmret_leafon,3,FSW,4,5,spur,1.751607305777725e-05
fld_chmret_leafon,3,FSW,5,6,slope,3.059717346332036e-05
fld_chmret_leafon,3,FSW,6,7,hollow,1.5187758435786236e-05
fld_chmret_leafon,3,FSW,7,8,footslope,2.5565019313944504e-05
fld_chmret_leafon,3,FSW,8,9,valley,3.862798257614486e-05
fld_chmret_leafon,3,FSW,9,10,pit,6.638023478444666e-06
fld_chmret_leafon,3,SSW,0,1,flat,2.117747499141842e-05
fld_chmret_leafon,3,SSW,1,2,peak,1.8952245000036783e-06
fld_chmret_leafon,3,SSW,2,3,ridge,1.1845754670503084e-05
fld_chmret_leafon,3,SSW,3,4,shoulder,8.060667823883705e-06
fld_chmret_leafon,3,SSW,4,5,spur,1.0809750165208243e-05
fld_chmret_leafon,3,SSW,5,6,slope,2.3501572286477312e-05
fld_chmret_leafon,3,SSW,6,7,hollow,8.243327101808973e-06
fld_chmret_leafon,3,SSW,7,8,footslope,1.3512377336155623e-05
fld_chmret_leafon,3,SSW,8,9,valley,1.5624298612237908e-05
fld_chmret_leafon,3,SSW,9,10,pit,3.869863576255739e-06
fld_chmret_leafon,3,UPL,0,1,flat,2.1722329620388336e-05
fld_chmret_leafon,3,UPL,1,2,peak,2.7133937692269683e-06
fld_chmret_leafon,3,UPL,2,3,ridge,1.2966478607268073e-05
fld_chmret_leafon,3,UPL,3,4,shoulder,1.0902503163379151e-05
fld_chmret_leafon,3,UPL,4,5,spur,1.6781978047220036e-05
fld_chmret_leafon,3,UPL,5,6,slope,3.071052560699172e-05
fld_chmret_leafon,3,UPL,6,7,hollow,1.0223943718301598e-05
fld_chmret_leafon,3,UPL,7,8,footslope,1.4921094589226414e-05
fld_chmret_leafon,3,UPL,8,9,valley,2.084663174173329e-05
fld_chmret_leafon,3,UPL,9,10,pit,5.6771723393467255e-06
fld_chmret_leafon,3,overall,0,1,flat,2.1334610210033134e-05
fld_chmret_leafon,3,overall,1,2,peak,1.9263470676378347e-06
fld_chmret_leafon,3,overall,2,3,ridge,1.0365039997850545e-05
fld_chmret_leafon,3,overall,3,4,shoulder,8.88749218574958e-06
fld_chmret_leafon,3,overall,4,5,spur,1.2362776033114642e-05
fld_chmret_leafon,3,overall,5,6,slope,2.358942583668977e-05
fld_chmret_leafon,3,overall,6,7,hollow,9.460052751819603e-06
fld_chmret_leafon,3,overall,7,8,footslope,1.5349232853623107e-05
fld_chmret_leafon,3,overall,8,9,valley,2.1073636162327603e-05
fld_chmret_leafon,3,overall,9,10,pit,4.514532065513777e-06
fld_chmret_leafon,4,EMW,0,1,flat,1.9882059859810397e-05
fld_chmret_leafon,4,EMW,1,2,peak,7.334834890571074e-07
fld_chmret_leafon,4,EMW,2,3,ridge,5.68457198824035e-06
fld_chmret_leafon,4,EMW,3,4,shoulder,6.358746759360656e-06
fld_chmret_leafon,4,EMW,4,5,spur,7.457322681148071e-06
fld_chmret_leafon,4,EMW,5,6,slope,1.8585662473924458e-05
fld_chmret_leafon,4,EMW,6,7,hollow,6.470557309512515e-06
fld_chmret_leafon,4,EMW,7,8,footslope,1.2969807357876562e-05
fld_chmret_leafon,4,EMW,8,9,valley,1.2442756087693851e-05
fld_chmret_leafon,4,EMW,9,10,pit,2.637617853906704e-06
fld_chmret_leafon,4,FSW,0,1,flat,3.5655448300531134e-05
fld_chmret_leafon,4,FSW,1,2,peak,2.163368208130123e-06
fld_chmret_leafon,4,FSW,2,3,ridge,1.3310500435181893e-05
fld_chmret_leafon,4,FSW,3,4,shoulder,1.2286562196095474e-05
fld_chmret_leafon,4,FSW,4,5,spur,1.98381494556088e-05
fld_chmret_leafon,4,FSW,5,6,slope,4.3069412640761584e-05
fld_chmret_leafon,4,FSW,6,7,hollow,1.9012124539585784e-05
fld_chmret_leafon,4,FSW,7,8,footslope,3.08735943690408e-05
fld_chmret_leafon,4,FSW,8,9,valley,3.3323482057312503e-05
fld_chmret_leafon,4,FSW,9,10,pit,6.583913091162685e-06
fld_chmret_leafon,4,SSW,0,1,flat,2.7187608793610707e-05
fld_chmret_leafon,4,SSW,1,2,peak,1.2351856639725156e-06
fld_chmret_leafon,4,SSW,2,3,ridge,1.280225842492655e-05
fld_chmret_leafon,4,SSW,3,4,shoulder,1.0237274182145484e-05
fld_chmret_leafon,4,SSW,4,5,spur,1.3181411304685753e-05
fld_chmret_leafon,4,SSW,5,6,slope,3.5464945540297776e-05
fld_chmret_leafon,4,SSW,6,7,hollow,1.1975743291259278e-05
fld_chmret_leafon,4,SSW,7,8,footslope,1.8738008293439634e-05
fld_chmret_leafon,4,SSW,8,9,valley,1.758544567564968e-05
fld_chmret_leafon,4,SSW,9,10,pit,2.9748603083135094e-06
fld_chmret_leafon,4,UPL,0,1,flat,3.313363777124323e-05
fld_chmret_leafon,4,UPL,1,2,peak,2.0775892153324094e-06
fld_chmret_leafon,4,UPL,2,3,ridge,1.8957056454382837e-05
fld_chmret_leafon,4,UPL,3,4,shoulder,1.6174575648619793e-05
fld_chmret_leafon,4,UPL,4,5,spur,2.3127255190047435e-05
fld_chmret_leafon,4,UPL,5,6,slope,5.512764982995577e-05
fld_chmret_leafon,4,UPL,6,7,hollow,1.636220076761674e-05
fld_chmret_leafon,4,UPL,7,8,footslope,2.163136741728522e-05
fld_chmret_leafon,4,UPL,8,9,valley,2.0922860130667686e-05
fld_chmret_leafon,4,UPL,9,10,pit,4.553295639198041e-06
fld_chmret_leafon,4,overall,0,1,flat,2.8964688681298867e-05
fld_chmret_leafon,4,overall,1,2,peak,1.5524066157013294e-06
fld_chmret_leafon,4,overall,2,3,ridge,1.2688597053056583e-05
fld_chmret_leafon,4,overall,3,4,shoulder,1.1264290151302703e-05
fld_chmret_leafon,4,overall,4,5,spur,1.5901034203125164e-05
fld_chmret_leafon,4,overall,5,6,slope,3.8061916711740196e-05
fld_chmret_leafon,4,overall,6,7,hollow,1.3455155567498878e-05
fld_chmret_leafon,4,overall,7,8,footslope,2.1053194359410554e-05
fld_chmret_leafon,4,overall,8,9,valley,2.1068635760457255e-05
fld_chmret_leafon,4,overall,9,10,pit,4.187421836832073e-06
fld_nolidar_leafoff,0,EMW,0,1,flat,5.8394623920321465e-05
fld_nolidar_leafoff,0,EMW,1,2,peak,1.7524641862110002e-06
fld_nolidar_leafoff,0,EMW,2,3,ridge,1.1022981198038906e-05
fld_nolidar_leafoff,0,EMW,3,4,shoulder,8.3561990322778e-06
fld_nolidar_leafoff,0,EMW,4,5,spur,1.1149993042636197e-05
fld_nolidar_leafoff,0,EMW,5,6,slope,3.905139601556584e-05
fld_nolidar_leafoff,0,EMW,6,7,hollow,1.5052460184961092e-05
fld_nolidar_leafoff,0,EMW,7,8,footslope,2.2617794456891716e-05
fld_nolidar_leafoff,0,EMW,8,9,valley,2.4483222659910098e-05
fld_nolidar_leafoff,0,EMW,9,10,pit,5.36389143235283e-06
fld_nolidar_leafoff,0,FSW,0,1,flat,7.738369458820671e-05
fld_nolidar_leafoff,0,FSW,1,2,peak,1.8953608105221065e-06
fld_nolidar_leafoff,0,FSW,2,3,ridge,1.0503701560082845e-05
fld_nolidar_leafoff,0,FSW,3,4,shoulder,8.546541721443646e-06
fld_nolidar_leafoff,0,FSW,4,5,spur,1.2096145837858785e-05
fld_nolidar_leafoff,0,FSW,5,6,slope,3.627777914516628e-05
fld_nolidar_leafoff,0,FSW,6,7,hollow,1.7605269022169523e-05
fld_nolidar_leafoff,0,FSW,7,8,footslope,2.9467782951542176e-05
fld_nolidar_leafoff,0,FSW,8,9,valley,3.554947761585936e-05
fld_nolidar_leafoff,0,FSW,9,10,pit,7.09640789864352e-06
fld_nolidar_leafoff,0,SSW,0,1,flat,6.325377762550488e-05
fld_nolidar_leafoff,0,SSW,1,2,peak,1.929982317960821e-06
fld_nolidar_leafoff,0,SSW,2,3,ridge,1.3774988474324346e-05
fld_nolidar_leafoff,0,SSW,3,4,shoulder,1.0174329872825183e-05
fld_nolidar_leafoff,0,SSW,4,5,spur,1.3327112355909776e-05
fld_nolidar_leafoff,0,SSW,5,6,slope,3.975159052060917e-05
fld_nolidar_leafoff,0,SSW,6,7,hollow,1.574936686665751e-05
fld_nolidar_leafoff,0,SSW,7,8,footslope,2.5469251340837218e-05
fld_nolidar_leafoff,0,SSW,8,9,valley,2.7283696908853017e-05
fld_nolidar_leafoff,0,SSW,9,10,pit,5.9374060583650135e-06
fld_nolidar_leafoff,0,UPL,0,1,flat,6.066800051485188e-05
fld_nolidar_leafoff,0,UPL,1,2,peak,2.1854186798009323e-06
fld_nolidar_leafoff,0,UPL,2,3,ridge,1.4814497262705117e-05
fld_nolidar_leafoff,0,UPL,3,4,shoulder,1.0737787306425162e-05
fld_nolidar_leafoff,0,UPL,4,5,spur,1.4337789252749644e-05
fld_nolidar_leafoff,0,UPL,5,6,slope,4.153915506321937e-05
fld_nolidar_leafoff,0,UPL,6,7,hollow,1.6474705262226053e-05
fld_nolidar_leafoff,0,UPL,7,8,footslope,2.7415628210292198e-05
fld_nolidar_leafoff,0,UPL,8,9,valley,2.7900381610379554e-05
fld_nolidar_leafoff,0,UPL,9,10,pit,6.112427854532143e-06
fld_nolidar_leafoff,0,overall,0,1,flat,6.492502870969474e-05
fld_nolidar_leafoff,0,overall,1,2,peak,1.940806441780296e-06
fld_nolidar_leafoff,0,overall,2,3,ridge,1.2529042578535154e-05
fld_nolidar_leafoff,0,overall,3,4,shoulder,9.453714483242948e-06
fld_nolidar_leafoff,0,overall,4,5,spur,1.2727759894914925e-05
fld_nolidar_leafoff,0,overall,5,6,slope,3.9154980186140165e-05
fld_nolidar_leafoff,0,overall,6,7,hollow,1.622045056137722e-05
fld_nolidar_leafoff,0,overall,7,8,footslope,2.6242612875648774e-05
fld_nolidar_leafoff,0,overall,8,9,valley,2.8804193789255805e-05
fld_nolidar_leafoff,0,overall,9,10,pit,6.12753365203389e-06
fld_nolidar_leafoff,1,EMW,0,1,flat,2.933865471277386e-05
fld_nolidar_leafoff,1,EMW,1,2,peak,1.620770262888982e-06
fld_nolidar_leafoff,1,EMW,2,3,ridge,5.950215381744783e-06
fld_nolidar_leafoff,1,EMW,3,4,shoulder,7.11417806087411e-06
fld_nolidar_leafoff,1,EMW,4,5,spur,8.409082511207089e-06
fld_nolidar_leafoff,1,EMW,5,6,slope,2.7591577236307785e-05
fld_nolidar_leafoff,1,EMW,6,7,hollow,9.697535460873041e-06
fld_nolidar_leafoff,1,EMW,7,8,footslope,1.4605492651753593e-05
fld_nolidar_leafoff,1,EMW,8,9,valley,1.7794092855183408e-05
fld_nolidar_leafoff,1,EMW,9,10,pit,2.9053603611828294e-06
fld_nolidar_leafoff,1,FSW,0,1,flat,3.2473129977006465e-05
fld_nolidar_leafoff,1,FSW,1,2,peak,2.8640904474741546e-06
fld_nolidar_leafoff,1,FSW,2,3,ridge,7.93038088886533e-06
fld_nolidar_leafoff,1,FSW,3,4,shoulder,8.270746548078023e-06
fld_nolidar_leafoff,1,FSW,4,5,spur,1.1673927474475931e-05
fld_nolidar_leafoff,1,FSW,5,6,slope,2.8975677196285687e-05
fld_nolidar_leafoff,1,FSW,6,7,hollow,1.1359259588061832e-05
fld_nolidar_leafoff,1,FSW,7,8,footslope,1.956109917955473e-05
fld_nolidar_leafoff,1,FSW,8,9,valley,2.7809572202386335e-05
fld_nolidar_leafoff,1,FSW,9,10,pit,3.988791831943672e-06
fld_nolidar_leafoff,1,SSW,0,1,flat,3.923195617971942e-05
fld_nolidar_leafoff,1,SSW,1,2,peak,3.11328835778113e-06
fld_nolidar_leafoff,1,SSW,2,3,ridge,8.052622433751822e-06
fld_nolidar_leafoff,1,SSW,3,4,shoulder,1.1712296327459626e-05
fld_nolidar_leafoff,1,SSW,4,5,spur,1.347257784800604e-05
fld_nolidar_leafoff,1,SSW,5,6,slope,3.704854680108838e-05
fld_nolidar_leafoff,1,SSW,6,7,hollow,1.463943590351846e-05
fld_nolidar_leafoff,1,SSW,7,8,footslope,1.9137125491397455e-05
fld_nolidar_leafoff,1,SSW,8,9,valley,2.2993128368398175e-05
fld_nolidar_leafoff,1,SSW,9,10,pit,3.9372021092276555e-06
fld_nolidar_leafoff,1,UPL,0,1,flat,3.1520532502327114e-05
fld_nolidar_leafoff,1,UPL,1,2,peak,4.402071681397501e-06
fld_nolidar_leafoff,1,UPL,2,3,ridge,9.013392627821304e-06
fld_nolidar_leafoff,1,UPL,3,4,shoulder,1.2581018381752074e-05
fld_nolidar_leafoff,1,UPL,4,5,spur,1.7159816707135178e-05
fld_nolidar_leafoff,1,UPL,5,6,slope,4.0983482904266566e-05
fld_nolidar_leafoff,1,UPL,6,7,hollow,1.4294942957349122e-05
fld_nolidar_leafoff,1,UPL,7,8,footslope,1.6313775631715544e-05
fld_nolidar_leafoff,1,UPL,8,9,valley,2.178009344788734e-05
fld_nolidar_leafoff,1,UPL,9,10,pit,4.100104888493661e-06
fld_nolidar_leafoff,1,overall,0,1,flat,3.314107016194612e-05
fld_nolidar_leafoff,1,overall,1,2,peak,3.000055130542023e-06
fld_nolidar_leafoff,1,overall,2,3,ridge,7.736653060419485e-06
fld_nolidar_leafoff,1,overall,3,4,shoulder,9.919560397975147e-06
fld_nolidar_leafoff,1,overall,4,5,spur,1.2678850907832384e-05
fld_nolidar_leafoff,1,overall,5,6,slope,3.364981967024505e-05
fld_nolidar_leafoff,1,overall,6,7,hollow,1.249779415957164e-05
fld_nolidar_leafoff,1,overall,7,8,footslope,1.7404372556484304e-05
fld_nolidar_leafoff,1,overall,8,9,valley,2.2594222173211165e-05
fld_nolidar_leafoff,1,overall,9,10,pit,3.7328647977119545e-06
fld_nolidar_leafoff,2,EMW,0,1,flat,4.232000719639473e-05
fld_nolidar_leafoff,2,EMW,1,2,peak,1.5553184766758932e-06
fld_nolidar_leafoff,2,EMW,2,3,ridge,8.224060366046615e-06
fld_nolidar_leafoff,2,EMW,3,4,shoulder,7.1934819061425515e-06
fld_nolidar_leafoff,2,EMW,4,5,spur,8.08188815426547e-06
fld_nolidar_leafoff,2,EMW,5,6,slope,2.929685615526978e-05
fld_nolidar_leafoff,2,EMW,6,7,hollow,8.89015973370988e-06
fld_nolidar_leafoff,2,EMW,7,8,footslope,2.0255591152817942e-05
fld_nolidar_leafoff,2,EMW,8,9,valley,2.0515220967354253e-05
fld_nolidar_leafoff,2,EMW,9,10,pit,2.829441200447036e-06
fld_nolidar_leafoff,2,FSW,0,1,flat,5.026914368500002e-05
fld_nolidar_leafoff,2,FSW,1,2,peak,1.9491765215207124e-06
fld_nolidar_leafoff,2,FSW,2,3,ridge,8.718106982996687e-06
fld_nolidar_leafoff,2,FSW,3,4,shoulder,8.420751328230835e-06
fld_nolidar_leafoff,2,FSW,4,5,spur,1.0045002454717178e-05
fld_nolidar_leafoff,2,FSW,5,6,slope,3.4206426789751276e-05
fld_nolidar_leafoff,2,FSW,6,7,hollow,1.161972431873437e-05
fld_nolidar_leafoff,2,FSW,7,8,footslope,2.473003951308783e-05
fld_nolidar_leafoff,2,FSW,8,9,valley,2.7154776034876704e-05
fld_nolidar_leafoff,2,FSW,9,10,pit,3.630342007454601e-06
fld_nolidar_leafoff,2,SSW,0,1,flat,4.823573544854298e-05
fld_nolidar_leafoff,2,SSW,1,2,peak,1.7891534298541956e-06
fld_nolidar_leafoff,2,SSW,2,3,ridge,8.201808668673038e-06
fld_nolidar_leafoff,2,SSW,3,4,shoulder,7.512800948461518e-06
fld_nolidar_leafoff,2,SSW,4,5,spur,8.6818963609403e-06
fld_nolidar_leafoff,2,SSW,5,6,slope,3.1352159567177296e-05
fld_nolidar_leafoff,2,SSW,6,7,hollow,8.915420949051622e-06
fld_nolidar_leafoff,2,SSW,7,8,footslope,1.9213344785384834e-05
fld_nolidar_leafoff,2,SSW,8,9,valley,2.0086055883439258e-05
fld_nolidar_leafoff,2,SSW,9,10,pit,3.20142021337233e-06
fld_nolidar_leafoff,2,UPL,0,1,flat,6.530653627123684e-05
fld_nolidar_leafoff,2,UPL,1,2,peak,2.7927369501412613e-06
fld_nolidar_leafoff,2,UPL,2,3,ridge,1.3397713701124303e-05
fld_nolidar_leafoff,2,UPL,3,4,shoulder,1.1170218385814223e-05
fld_nolidar_leafoff,2,UPL,4,5,spur,1.330551731371088e-05
fld_nolidar_leafoff,2,UPL,5,6,slope,5.216617864789441e-05
fld_nolidar_leafoff,2,UPL,6,7,hollow,1.3591183233074844e-05
fld_nolidar_leafoff,2,UPL,7,8,footslope,2.6913079636869952e-05
fld_nolidar_leafoff,2,UPL,8,9,valley,3.171242860844359e-05
fld_nolidar_leafoff,2,UPL,9,10,pit,5.154491645953385e-06
fld_nolidar_leafoff,2,overall,0,1,flat,5.153285383130424e-05
fld_nolidar_leafoff,2,overall,1,2,peak,2.0215964013914345e-06
fld_nolidar_leafoff,2,overall,2,3,ridge,9.635422429710161e-06
fld_nolidar_leafoff,2,overall,3,4,shoulder,8.574313142162282e-06
fld_nolidar_leafoff,2,overall,4,5,spur,1.0028576070908457e-05
fld_nolidar_leafoff,2,overall,5,6,slope,3.675540574477054e-05
fld_nolidar_leafoff,2,overall,6,7,hollow,1.0754121831269003e-05
fld_nolidar_leafoff,2,overall,7,8,footslope,2.277801468153484e-05
fld_nolidar_leafoff,2,overall,8,9,valley,2.486712037352845e-05
fld_nolidar_leafoff,2,overall,9,10,pit,3.7039239941805135e-06
fld_nolidar_leafoff,3,EMW,0,1,flat,3.137614476145245e-05
fld_nolidar_leafoff,3,EMW,1,2,peak,1.1946768836423871e-06
fld_nolidar_leafoff,3,EMW,2,3,ridge,9.990798389480915e-06
fld_nolidar_leafoff,3,EMW,3,4,shoulder,9.149141988018528e-06
fld_nolidar_leafoff,3,EMW,4,5,spur,9.920304364641197e-06
fld_nolidar_leafoff,3,EMW,5,6,slope,2.6151112251682207e-05
fld_nolidar_leafoff,3,EMW,6,7,hollow,1.2160886399215087e-05
fld_nolidar_leafoff,3,EMW,7,8,footslope,1.7696891518426128e-05
fld_nolidar_leafoff,3,EMW,8,9,valley,2.6297979275113903e-05
fld_nolidar_leafoff,3,EMW,9,10,pit,5.885577593289781e-06
fld_nolidar_leafoff,3,FSW,0,1,flat,6.402329017873853e-05
fld_nolidar_leafoff,3,FSW,1,2,peak,2.692723228392424e-06
fld_nolidar_leafoff,3,FSW,2,3,ridge,1.9864297428284772e-05
fld_nolidar_leafoff,3,FSW,3,4,shoulder,2.0003129975521006e-05
fld_nolidar_leafoff,3,FSW,4,5,spur,2.240711182821542e-05
fld_nolidar_leafoff,3,FSW,5,6,slope,5.242553379503079e-05
fld_nolidar_leafoff,3,FSW,6,7,hollow,2.844769915100187e-05
fld_nolidar_leafoff,3,FSW,7,8,footslope,3.9557482523377985e-05
fld_nolidar_leafoff,3,FSW,8,9,valley,6.20001956121996e-05
fld_nolidar_leafoff,3,FSW,9,10,pit,1.1569134585442953e-05
fld_nolidar_leafoff,3,SSW,0,1,flat,5.5172240536194295e-05
fld_nolidar_leafoff,3,SSW,1,2,peak,2.1987204945617123e-06
fld_nolidar_leafoff,3,SSW,2,3,ridge,1.515271833341103e-05
fld_nolidar_leafoff,3,SSW,3,4,shoulder,1.55383695528144e-05
fld_nolidar_leafoff,3,SSW,4,5,spur,1.726973641780205e-05
fld_nolidar_leafoff,3,SSW,5,6,slope,3.791604103753343e-05
fld_nolidar_leafoff,3,SSW,6,7,hollow,1.7786343960324302e-05
fld_nolidar_leafoff,3,SSW,7,8,footslope,3.061105962842703e-05
fld_nolidar_leafoff,3,SSW,8,9,valley,3.756379010155797e-05
fld_nolidar_leafoff,3,SSW,9,10,pit,9.615524504624773e-06
fld_nolidar_leafoff,3,UPL,0,1,flat,4.7900703066261485e-05
fld_nolidar_leafoff,3,UPL,1,2,peak,2.5158014977932908e-06
fld_nolidar_leafoff,3,UPL,2,3,ridge,1.6678937754477374e-05
fld_nolidar_leafoff,3,UPL,3,4,shoulder,1.767832327459473e-05
fld_nolidar_leafoff,3,UPL,4,5,spur,1.9738592527573928e-05
fld_nolidar_leafoff,3,UPL,5,6,slope,4.2779887735378e-05
fld_nolidar_leafoff,3,UPL,6,7,hollow,1.9441995391389355e-05
fld_nolidar_leafoff,3,UPL,7,8,footslope,2.929750735347625e-05
fld_nolidar_leafoff,3,UPL,8,9,valley,3.836010000668466e-05
fld_nolidar_leafoff,3,UPL,9,10,pit,1.1233980330871418e-05
fld_nolidar_leafoff,3,overall,0,1,flat,4.9618090997682884e-05
fld_nolidar_leafoff,3,overall,1,2,peak,2.1504804408323253e-06
fld_nolidar_leafoff,3,overall,2,3,ridge,1.542168865853455e-05
fld_nolidar_leafoff,3,overall,3,4,shoulder,1.5592240742989816e-05
fld_nolidar_leafoff,3,overall,4,5,spur,1.7333935829810798e-05
fld_nolidar_leafoff,3,overall,5,6,slope,3.9818143704906106e-05
fld_nolidar_leafoff,3,overall,6,7,hollow,1.9459232134977356e-05
fld_nolidar_leafoff,3,overall,7,8,footslope,2.9290735255926847e-05
fld_nolidar_leafoff,3,overall,8,9,valley,4.105551488464698e-05
fld_nolidar_leafoff,3,overall,9,10,pit,9.576054253557231e-06
fld_nolidar_leafoff,4,EMW,0,1,flat,1.988448275369592e-05
fld_nolidar_leafoff,4,EMW,1,2,peak,6.272728114709025e-07
fld_nolidar_leafoff,4,EMW,2,3,ridge,3.817247943516122e-06
fld_nolidar_leafoff,4,EMW,3,4,shoulder,4.406358129926957e-06
fld_nolidar_leafoff,4,EMW,4,5,spur,5.4465863286168315e-06
fld_nolidar_leafoff,4,EMW,5,6,slope,1.585157042427454e-05
fld_nolidar_leafoff,4,EMW,6,7,hollow,6.228129677765537e-06
fld_nolidar_leafoff,4,EMW,7,8,footslope,1.3260740161058493e-05
fld_nolidar_leafoff,4,EMW,8,9,valley,1.2251612133695744e-05
fld_nolidar_leafoff,4,EMW,9,10,pit,2.4053329070738982e-06
fld_nolidar_leafoff,4,FSW,0,1,flat,3.7311889172997326e-05
fld_nolidar_leafoff,4,FSW,1,2,peak,9.037910899678536e-07
fld_nolidar_leafoff,4,FSW,2,3,ridge,5.776478246843908e-06
fld_nolidar_leafoff,4,FSW,3,4,shoulder,6.870793640700867e-06
fld_nolidar_leafoff,4,FSW,4,5,spur,8.315803825098556e-06
fld_nolidar_leafoff,4,FSW,5,6,slope,2.0060168026247993e-05
fld_nolidar_leafoff,4,FSW,6,7,hollow,1.1881719728989992e-05
fld_nolidar_leafoff,4,FSW,7,8,footslope,2.3702368707745336e-05
fld_nolidar_leafoff,4,FSW,8,9,valley,2.2096204702393152e-05
fld_nolidar_leafoff,4,FSW,9,10,pit,4.049280050821835e-06
fld_nolidar_leafoff,4,SSW,0,1,flat,1.545703889860306e-05
fld_nolidar_leafoff,4,SSW,1,2,peak,5.634375952467963e-07
fld_nolidar_leafoff,4,SSW,2,3,ridge,3.707878931891173e-06
fld_nolidar_leafoff,4,SSW,3,4,shoulder,3.806959739449667e-06
fld_nolidar_leafoff,4,SSW,4,5,spur,4.576465016725706e-06
fld_nolidar_leafoff,4,SSW,5,6,slope,1.695264654699713e-05
fld_nolidar_leafoff,4,SSW,6,7,hollow,5.160158707440132e-06
fld_nolidar_leafoff,4,SSW,7,8,footslope,9.744855560711585e-06
fld_nolidar_leafoff,4,SSW,8,9,valley,8.654362318338826e-06
fld_nolidar_leafoff,4,SSW,9,10,pit,1.4934918226572336e-06
fld_nolidar_leafoff,4,UPL,0,1,flat,2.3496248104493134e-05
fld_nolidar_leafoff,4,UPL,1,2,peak,1.156802454715944e-06
fld_nolidar_leafoff,4,UPL,2,3,ridge,7.459212611138355e-06
fld_nolidar_leafoff,4,UPL,3,4,shoulder,6.883430614834651e-06
fld_nolidar_leafoff,4,UPL,4,5,spur,9.948516890290193e-06
fld_nolidar_leafoff,4,UPL,5,6,slope,2.7813377528218552e-05
fld_nolidar_leafoff,4,UPL,6,7,hollow,1.0136108357983176e-05
fld_nolidar_leafoff,4,UPL,7,8,footslope,1.8774691852740943e-05
fld_nolidar_leafoff,4,UPL,8,9,valley,1.6230947949225083e-05
fld_nolidar_leafoff,4,UPL,9,10,pit,3.803700792559539e-06
fld_nolidar_leafoff,4,overall,0,1,flat,2.403741564194206e-05
fld_nolidar_leafoff,4,overall,1,2,peak,8.128259878503741e-07
fld_nolidar_leafoff,4,overall,2,3,ridge,5.190204319660552e-06
fld_nolidar_leafoff,4,overall,3,4,shoulder,5.491885531228036e-06
fld_nolidar_leafoff,4,overall,4,5,spur,7.071842901495984e-06
fld_nolidar_leafoff,4,overall,5,6,slope,2.0169441995676607e-05
fld_nolidar_leafoff,4,overall,6,7,hollow,8.351528776984196e-06
fld_nolidar_leafoff,4,overall,7,8,footslope,1.637066452531144e-05
fld_nolidar_leafoff,4,overall,8,9,valley,1.4808281775913201e-05
fld_nolidar_leafoff,4,overall,9,10,pit,2.937951421699836e-06
fld_nolidar_leafon,0,EMW,0,1,flat,8.939892722992226e-05
fld_nolidar_leafon,0,EMW,1,2,peak,2.196156401623739e-06
fld_nolidar_leafon,0,EMW,2,3,ridge,1.6795642295619473e-05
fld_nolidar_leafon,0,EMW,3,4,shoulder,1.2188479558972176e-05
fld_nolidar_leafon,0,EMW,4,5,spur,1.6178599253180437e-05
fld_nolidar_leafon,0,EMW,5,6,slope,5.1101884309900925e-05
fld_nolidar_leafon,0,EMW,6,7,hollow,2.4282282538479194e-05
fld_nolidar_leafon,0,EMW,7,8,footslope,3.359697439009324e-05
fld_nolidar_leafon,0,EMW,8,9,valley,3.9471458876505494e-05
fld_nolidar_leafon,0,EMW,9,10,pit,8.101162165985443e-06
fld_nolidar_leafon,0,FSW,0,1,flat,0.00016623546252958477
fld_nolidar_leafon,0,FSW,1,2,peak,3.861633103952045e-06
fld_nolidar_leafon,0,FSW,2,3,ridge,2.8118865884607658e-05
fld_nolidar_leafon,0,FSW,3,4,shoulder,2.1542997274082154e-05
fld_nolidar_leafon,0,FSW,4,5,spur,3.057411959161982e-05
fld_nolidar_leafon,0,FSW,5,6,slope,9.990789840230718e-05
fld_nolidar_leafon,0,FSW,6,7,hollow,4.764095865539275e-05
fld_nolidar_leafon,0,FSW,7,8,footslope,6.072158066672273e-05
fld_nolidar_leafon,0,FSW,8,9,valley,7.932344306027517e-05
fld_nolidar_leafon,0,FSW,9,10,pit,1.3265882444102317e-05
fld_nolidar_leafon,0,SSW,0,1,flat,8.366980182472616e-05
fld_nolidar_leafon,0,SSW,1,2,peak,2.0283775938878534e-06
fld_nolidar_leafon,0,SSW,2,3,ridge,1.6572990716667846e-05
fld_nolidar_leafon,0,SSW,3,4,shoulder,1.2378963219816796e-05
fld_nolidar_leafon,0,SSW,4,5,spur,1.6465215594507754e-05
fld_nolidar_leafon,0,SSW,5,6,slope,4.65119446744211e-05
fld_nolidar_leafon,0,SSW,6,7,hollow,2.2795791664975695e-05
fld_nolidar_leafon,0,SSW,7,8,footslope,3.7507081287913024e-05
fld_nolidar_leafon,0,SSW,8,9,valley,4.003820140496828e-05
fld_nolidar_leafon,0,SSW,9,10,pit,8.18536318547558e-06
fld_nolidar_leafon,0,UPL,0,1,flat,0.00010470517736393958
fld_nolidar_leafon,0,UPL,1,2,peak,2.7764215246861568e-06
fld_nolidar_leafon,0,UPL,2,3,ridge,2.3244461772264913e-05
fld_nolidar_leafon,0,UPL,3,4,shoulder,1.641292510612402e-05
fld_nolidar_leafon,0,UPL,4,5,spur,2.102874350384809e-05
fld_nolidar_leafon,0,UPL,5,6,slope,6.13275624345988e-05
fld_nolidar_leafon,0,UPL,6,7,hollow,2.895053694373928e-05
fld_nolidar_leafon,0,UPL,7,8,footslope,4.419572724145837e-05
fld_nolidar_leafon,0,UPL,8,9,valley,4.923560845782049e-05
fld_nolidar_leafon,0,UPL,9,10,pit,1.0283322808390949e-05
fld_nolidar_leafon,0,overall,0,1,flat,0.0001110023440560326
fld_nolidar_leafon,0,overall,1,2,peak,2.715647269724286e-06
fld_nolidar_leafon,0,overall,2,3,ridge,2.1182990167289972e-05
fld_nolidar_leafon,0,overall,3,4,shoulder,1.5630841517122462e-05
fld_nolidar_leafon,0,overall,4,5,spur,2.1061670850031078e-05
fld_nolidar_leafon,0,overall,5,6,slope,6.47123233648017e-05
fld_nolidar_leafon,0,overall,6,7,hollow,3.091739199589938e-05
fld_nolidar_leafon,0,overall,7,8,footslope,4.400534089654684e-05
fld_nolidar_leafon,0,overall,8,9,valley,5.201717794989236e-05
fld_nolidar_leafon,0,overall,9,10,pit,9.958932423614897e-06
fld_nolidar_leafon,1,EMW,0,1,flat,2.515223422960844e-05
fld_nolidar_leafon,1,EMW,1,2,peak,7.816744300725986e-07
fld_nolidar_leafon,1,EMW,2,3,ridge,4.022872417408507e-06
fld_nolidar_leafon,1,EMW,3,4,shoulder,4.157845069130417e-06
fld_nolidar_leafon,1,EMW,4,5,spur,4.756933321914403e-06
fld_nolidar_leafon,1,EMW,5,6,slope,1.5870264178374782e-05
fld_nolidar_leafon,1,EMW,6,7,hollow,6.84508904669201e-06
fld_nolidar_leafon,1,EMW,7,8,footslope,1.3992615095048677e-05
fld_nolidar_leafon,1,EMW,8,9,valley,1.4821329386904836e-05
fld_nolidar_leafon,1,EMW,9,10,pit,1.743666530273913e-06
fld_nolidar_leafon,1,FSW,0,1,flat,4.7045086830621585e-05
fld_nolidar_leafon,1,FSW,1,2,peak,1.627931624170742e-06
fld_nolidar_leafon,1,FSW,2,3,ridge,7.333738267334411e-06
fld_nolidar_leafon,1,FSW,3,4,shoulder,8.00965335656656e-06
fld_nolidar_leafon,1,FSW,4,5,spur,9.358819625049364e-06
fld_nolidar_leafon,1,FSW,5,6,slope,2.61686018347973e-05
fld_nolidar_leafon,1,FSW,6,7,hollow,1.6172602045116946e-05
fld_nolidar_leafon,1,FSW,7,8,footslope,2.9025697585893795e-05
fld_nolidar_leafon,1,FSW,8,9,valley,3.5108376323478296e-05
fld_nolidar_leafon,1,FSW,9,10,pit,4.261521553416969e-06
fld_nolidar_leafon,1,SSW,0,1,flat,4.1405386582482606e-05
fld_nolidar_leafon,1,SSW,1,2,peak,1.883762934085098e-06
fld_nolidar_leafon,1,SSW,2,3,ridge,7.23542325431481e-06
fld_nolidar_leafon,1,SSW,3,4,shoulder,9.768744348548353e-06
fld_nolidar_leafon,1,SSW,4,5,spur,7.403618837997783e-06
fld_nolidar_leafon,1,SSW,5,6,slope,2.3333439457928762e-05
fld_nolidar_leafon,1,SSW,6,7,hollow,1.068022356776055e-05
fld_nolidar_leafon,1,SSW,7,8,footslope,2.1160154574317858e-05
fld_nolidar_leafon,1,SSW,8,9,valley,2.117976146109868e-05
fld_nolidar_leafon,1,SSW,9,10,pit,2.3201901058200747e-06
fld_nolidar_leafon,1,UPL,0,1,flat,5.895717185921967e-05
fld_nolidar_leafon,1,UPL,1,2,peak,3.449974656177801e-06
fld_nolidar_leafon,1,UPL,2,3,ridge,1.1500002074171789e-05
fld_nolidar_leafon,1,UPL,3,4,shoulder,1.570167842146475e-05
fld_nolidar_leafon,1,UPL,4,5,spur,1.3140430382918566e-05
fld_nolidar_leafon,1,UPL,5,6,slope,4.078134588780813e-05
fld_nolidar_leafon,1,UPL,6,7,hollow,1.698436426522676e-05
fld_nolidar_leafon,1,UPL,7,8,footslope,3.334055872983299e-05
fld_nolidar_leafon,1,UPL,8,9,valley,3.928870864911005e-05
fld_nolidar_leafon,1,UPL,9,10,pit,4.685045496444218e-06
fld_nolidar_leafon,1,overall,0,1,flat,4.313996760174632e-05
fld_nolidar_leafon,1,overall,1,2,peak,1.9358358258614317e-06
fld_nolidar_leafon,1,overall,2,3,ridge,7.523009116994217e-06
fld_nolidar_leafon,1,overall,3,4,shoulder,9.40948029892752e-06
fld_nolidar_leafon,1,overall,4,5,spur,8.664950655656867e-06
fld_nolidar_leafon,1,overall,5,6,slope,2.6538415113463998e-05
fld_nolidar_leafon,1,overall,6,7,hollow,1.267056904907804e-05
fld_nolidar_leafon,1,overall,7,8,footslope,2.437975854263641e-05
fld_nolidar_leafon,1,overall,8,9,valley,2.7599544409895316e-05
fld_nolidar_leafon,1,overall,9,10,pit,3.2526058930670843e-06
fld_nolidar_leafon,2,EMW,0,1,flat,8.288902608910576e-05
fld_nolidar_leafon,2,EMW,1,2,peak,2.7091277843283024e-06
fld_nolidar_leafon,2,EMW,2,3,ridge,1.3007500456296839e-05
fld_nolidar_leafon,2,EMW,3,4,shoulder,1.3788843716611154e-05
fld_nolidar_leafon,2,EMW,4,5,spur,1.641898234083783e-05
fld_nolidar_leafon,2,EMW,5,6,slope,6.17304613115266e-05
fld_nolidar_leafon,2,EMW,6,7,hollow,1.801570579118561e-05
fld_nolidar_leafon,2,EMW,7,8,footslope,3.491308962111361e-05
fld_nolidar_leafon,2,EMW,8,9,valley,3.475428093224764e-05
fld_nolidar_leafon,2,EMW,9,10,pit,4.517409706750186e-06
fld_nolidar_leafon,2,FSW,0,1,flat,0.00011613620154093951
fld_nolidar_leafon,2,FSW,1,2,peak,4.342284682934405e-06
fld_nolidar_leafon,2,FSW,2,3,ridge,2.1493749954970554e-05
fld_nolidar_leafon,2,FSW,3,4,shoulder,2.099846096825786e-05
fld_nolidar_leafon,2,FSW,4,5,spur,2.7441774363978766e-05
fld_nolidar_leafon,2,FSW,5,6,slope,9.666598634794354e-05
fld_nolidar_leafon,2,FSW,6,7,hollow,3.0366509236046113e-05
fld_nolidar_leafon,2,FSW,7,8,footslope,5.162700472283177e-05
fld_nolidar_leafon,2,FSW,8,9,valley,6.122402555774897e-05
fld_nolidar_leafon,2,FSW,9,10,pit,7.781700332998298e-06
fld_nolidar_leafon,2,SSW,0,1,flat,8.779193012742326e-05
fld_nolidar_leafon,2,SSW,1,2,peak,3.2582472613285063e-06
fld_nolidar_leafon,2,SSW,2,3,ridge,1.455755227652844e-05
fld_nolidar_leafon,2,SSW,3,4,shoulder,1.643142240936868e-05
fld_nolidar_leafon,2,SSW,4,5,spur,1.7644309991737828e-05
fld_nolidar_leafon,2,SSW,5,6,slope,5.9506688558030874e-05
fld_nolidar_leafon,2,SSW,6,7,hollow,1.979976696020458e-05
fld_nolidar_leafon,2,SSW,7,8,footslope,3.561586345313117e-05
fld_nolidar_leafon,2,SSW,8,9,valley,3.701423338497989e-05
fld_nolidar_leafon,2,SSW,9,10,pit,4.548364358925028e-06
fld_nolidar_leafon,2,UPL,0,1,flat,8.675977005623281e-05
fld_nolidar_leafon,2,UPL,1,2,peak,3.7995273487467784e-06
fld_nolidar_leafon,2,UPL,2,3,ridge,1.7285394278587773e-05
fld_nolidar_leafon,2,UPL,3,4,shoulder,1.9402521502343006e-05
fld_nolidar_leafon,2,UPL,4,5,spur,2.068270077870693e-05
fld_nolidar_leafon,2,UPL,5,6,slope,6.822869909228757e-05
fld_nolidar_leafon,2,UPL,6,7,hollow,2.3717926524113864e-05
fld_nolidar_leafon,2,UPL,7,8,footslope,3.6767734854947776e-05
fld_nolidar_leafon,2,UPL,8,9,valley,4.205669029033743e-05
fld_nolidar_leafon,2,UPL,9,10,pit,5.3902795116300695e-06
fld_nolidar_leafon,2,overall,0,1,flat,9.339423559140414e-05
fld_nolidar_leafon,2,overall,1,2,peak,3.5272969398647547e-06
fld_nolidar_leafon,2,overall,2,3,ridge,1.6586051060585305e-05
fld_nolidar_leafon,2,overall,3,4,shoulder,1.7655313058639877e-05
fld_nolidar_leafon,2,overall,4,5,spur,2.054694232356269e-05
fld_nolidar_leafon,2,overall,5,6,slope,7.153295882744715e-05
fld_nolidar_leafon,2,overall,6,7,hollow,2.297497667314019e-05
fld_nolidar_leafon,2,overall,7,8,footslope,3.973092680098489e-05
fld_nolidar_leafon,2,overall,8,9,valley,4.3762309360317886e-05
fld_nolidar_leafon,2,overall,9,10,pit,5.55943825020222e-06
fld_nolidar_leafon,3,EMW,0,1,flat,4.742591772810556e-05
fld_nolidar_leafon,3,EMW,1,2,peak,2.4116873191815102e-06
fld_nolidar_leafon,3,EMW,2,3,ridge,1.3806495189783163e-05
fld_nolidar_leafon,3,EMW,3,4,shoulder,1.4328508768812753e-05
fld_nolidar_leafon,3,EMW,4,5,spur,1.6438529200968333e-05
fld_nolidar_leafon,3,EMW,5,6,slope,4.055285899084993e-05
fld_nolidar_leafon,3,EMW,6,7,hollow,1.9872282791766338e-05
fld_nolidar_leafon,3,EMW,7,8,footslope,3.318484959891066e-05
fld_nolidar_leafon,3,EMW,8,9,valley,4.6540135372197255e-05
fld_nolidar_leafon,3,EMW,9,10,pit,9.24648338695988e-06
fld_nolidar_leafon,3,FSW,0,1,flat,5.0631606427486986e-05
fld_nolidar_leafon,3,FSW,1,2,peak,2.911768433477846e-06
fld_nolidar_leafon,3,FSW,2,3,ridge,1.8217286196886562e-05
fld_nolidar_leafon,3,FSW,3,4,shoulder,1.5885239918134175e-05
fld_nolidar_leafon,3,FSW,4,5,spur,2.0274972484912723e-05
fld_nolidar_leafon,3,FSW,5,6,slope,4.462849392439239e-05
fld_nolidar_leafon,3,FSW,6,7,hollow,2.3104503270587884e-05
fld_nolidar_leafon,3,FSW,7,8,footslope,3.6592409742297605e-05
fld_nolidar_leafon,3,FSW,8,9,valley,4.940425787935965e-05
fld_nolidar_leafon,3,FSW,9,10,pit,9.396621862833854e-06
fld_nolidar_leafon,3,SSW,0,1,flat,5.6610202591400594e-05
fld_nolidar_leafon,3,SSW,1,2,peak,2.9619063752761576e-06
fld_nolidar_leafon,3,SSW,2,3,ridge,1.5190952581178863e-05
fld_nolidar_leafon,3,SSW,3,4,shoulder,1.7409101928933524e-05
fld_nolidar_leafon,3,SSW,4,5,spur,1.6064161172835156e-05
fld_nolidar_leafon,3,SSW,5,6,slope,4.1191382479155436e-05
fld_nolidar_leafon,3,SSW,6,7,hollow,1.954522667801939e-05
fld_nolidar_leafon,3,SSW,7,8,footslope,3.565567749319598e-05
fld_nolidar_leafon,3,SSW,8,9,valley,4.6718763769604266e-05
fld_nolidar_leafon,3,SSW,9,10,pit,9.685267286840826e-06
fld_nolidar_leafon,3,UPL,0,1,flat,5.729802796849981e-05
fld_nolidar_leafon,3,UPL,1,2,peak,4.0594363781565335e-06
fld_nolidar_leafon,3,UPL,2,3,ridge,1.9982726371381432e-05
fld_nolidar_leafon,3,UPL,3,4,shoulder,2.224976196885109e-05
fld_nolidar_leafon,3,UPL,4,5,spur,1.901404175441712e-05
fld_nolidar_leafon,3,UPL,5,6,slope,4.898834595223889e-05
fld_nolidar_leafon,3,UPL,6,7,hollow,2.1208456018939614e-05
fld_nolidar_leafon,3,UPL,7,8,footslope,3.718840525834821e-05
fld_nolidar_leafon,3,UPL,8,9,valley,4.908409755444154e-05
fld_nolidar_leafon,3,UPL,9,10,pit,9.834270713326987e-06
fld_nolidar_leafon,3,overall,0,1,flat,5.299143958836794e-05
fld_nolidar_leafon,3,overall,1,2,peak,3.0861997402098496e-06
fld_nolidar_leafon,3,overall,2,3,ridge,1.6799363947939128e-05
fld_nolidar_leafon,3,overall,3,4,shoulder,1.7468153600930236e-05
fld_nolidar_leafon,3,overall,4,5,spur,1.794792478904128e-05
fld_nolidar_leafon,3,overall,5,6,slope,4.384027124615386e-05
fld_nolidar_leafon,3,overall,6,7,hollow,2.0932617189828306e-05
fld_nolidar_leafon,3,overall,7,8,footslope,3.5655335523188114e-05
fld_nolidar_leafon,3,overall,8,9,valley,4.7936817281879485e-05
fld_nolidar_leafon,3,overall,9,10,pit,9.540661267237738e-06
fld_nolidar_leafon,4,EMW,0,1,flat,3.235528856748715e-05
fld_nolidar_leafon,4,EMW,1,2,peak,8.30905889870337e-07
fld_nolidar_leafon,4,EMW,2,3,ridge,7.599466243846109e-06
fld_nolidar_leafon,4,EMW,3,4,shoulder,8.27007261250401e-06
fld_nolidar_leafon,4,EMW,4,5,spur,1.0419473255751655e-05
fld_nolidar_leafon,4,EMW,5,6,slope,2.3908665752969682e-05
fld_nolidar_leafon,4,EMW,6,7,hollow,8.480621545459144e-06
fld_nolidar_leafon,4,EMW,7,8,footslope,2.0565556042129174e-05
fld_nolidar_leafon,4,EMW,8,9,valley,1.8815089788404293e-05
fld_nolidar_leafon,4,EMW,9,10,pit,3.6609410472010495e-06
fld_nolidar_leafon,4,FSW,0,1,flat,3.934093547286466e-05
fld_nolidar_leafon,4,FSW,1,2,peak,1.1894787803612417e-06
fld_nolidar_leafon,4,FSW,2,3,ridge,1.1200168046343606e-05
fld_nolidar_leafon,4,FSW,3,4,shoulder,1.1654338777589146e-05
fld_nolidar_leafon,4,FSW,4,5,spur,1.3833162483933847e-05
fld_nolidar_leafon,4,FSW,5,6,slope,3.419473796384409e-05
fld_nolidar_leafon,4,FSW,6,7,hollow,1.4424756045627873e-05
fld_nolidar_leafon,4,FSW,7,8,footslope,2.729057814576663e-05
fld_nolidar_leafon,4,FSW,8,9,valley,2.5081997591769323e-05
fld_nolidar_leafon,4,FSW,9,10,pit,5.219265403866302e-06
fld_nolidar_leafon,4,SSW,0,1,flat,2.7868398319697008e-05
fld_nolidar_leafon,4,SSW,1,2,peak,7.167557214415865e-07
fld_nolidar_leafon,4,SSW,2,3,ridge,7.681590432184748e-06
fld_nolidar_leafon,4,SSW,3,4,shoulder,8.60654836287722e-06
fld_nolidar_leafon,4,SSW,4,5,spur,8.935265213949606e-06
fld_nolidar_leafon,4,SSW,5,6,slope,1.942716698977165e-05
fld_nolidar_leafon,4,SSW,6,7,hollow,7.806852408975828e-06
fld_nolidar_leafon,4,SSW,7,8,footslope,1.5331979739130475e-05
fld_nolidar_leafon,4,SSW,8,9,valley,1.3375031812756788e-05
fld_nolidar_leafon,4,SSW,9,10,pit,3.021943939529592e-06
fld_nolidar_leafon,4,UPL,0,1,flat,4.221050039632246e-05
fld_nolidar_leafon,4,UPL,1,2,peak,1.3801716249872698e-06
fld_nolidar_leafon,4,UPL,2,3,ridge,1.4262545846577268e-05
fld_nolidar_leafon,4,UPL,3,4,shoulder,1.868047002062667e-05
fld_nolidar_leafon,4,UPL,4,5,spur,1.614106076885946e-05
fld_nolidar_leafon,4,UPL,5,6,slope,3.817254037130624e-05
fld_nolidar_leafon,4,UPL,6,7,hollow,1.2947801224072464e-05
fld_nolidar_leafon,4,UPL,7,8,footslope,2.3061711544869468e-05
fld_nolidar_leafon,4,UPL,8,9,valley,2.389914334344212e-05
fld_nolidar_leafon,4,UPL,9,10,pit,5.308703748596599e-06
fld_nolidar_leafon,4,overall,0,1,flat,3.544377977959812e-05
fld_nolidar_leafon,4,overall,1,2,peak,1.0293280183759634e-06
fld_nolidar_leafon,4,overall,2,3,ridge,1.018594230117742e-05
fld_nolidar_leafon,4,overall,3,4,shoulder,1.1802857443399262e-05
fld_nolidar_leafon,4,overall,4,5,spur,1.2332240657997318e-05
fld_nolidar_leafon,4,overall,5,6,slope,2.8925776859978214e-05
fld_nolidar_leafon,4,overall,6,7,hollow,1.0915007806033827e-05
fld_nolidar_leafon,4,overall,7,8,footslope,2.1562456822721288e-05
fld_nolidar_leafon,4,overall,8,9,valley,2.0292816770961508e-05
fld_nolidar_leafon,4,overall,9,10,pit,4.302713477954967e-06
flddeg_chmret_leafoff,0,EMW,0,1,flat,3.044702680199407e-05
flddeg_chmret_leafoff,0,EMW,1,2,peak,1.265043465537019e-06
flddeg_chmret_leafoff,0,EMW,2,3,ridge,8.123950465233065e-06
flddeg_chmret_leafoff,0,EMW,3,4,shoulder,7.54708025851869e-06
flddeg_chmret_leafoff,0,EMW,4,5,spur,8.484477802994661e-06
flddeg_chmret_leafoff,0,EMW,5,6,slope,2.127510742866434e-05
flddeg_chmret_leafoff,0,EMW,6,7,hollow,1.05237359093735e-05
flddeg_chmret_leafoff,0,EMW,7,8,footslope,1.5473815437871963e-05
flddeg_chmret_leafoff,0,EMW,8,9,valley,1.5993373381206766e-05
flddeg_chmret_leafoff,0,EMW,9,10,pit,4.8387432798335794e-06
flddeg_chmret_leafoff,0,FSW,0,1,flat,4.932362207910046e-05
flddeg_chmret_leafoff,0,FSW,1,2,peak,2.313450067958911e-06
flddeg_chmret_leafoff,0,FSW,2,3,ridge,1.4639449545938987e-05
flddeg_chmret_leafoff,0,FSW,3,4,shoulder,1.226187487191055e-05
flddeg_chmret_leafoff,0,FSW,4,5,spur,1.4765100786462426e-05
flddeg_chmret_leafoff,0,FSW,5,6,slope,3.8326434150803834e-05
flddeg_chmret_leafoff,0,FSW,6,7,hollow,1.97652534552617e-05
flddeg_chmret_leafoff,0,FSW,7,8,footslope,2.6652360247680917e-05
flddeg_chmret_leafoff,0,FSW,8,9,valley,3.3065094612538815e-05
flddeg_chmret_leafoff,0,FSW,9,10,pit,9.02555893844692e-06
flddeg_chmret_leafoff,0,SSW,0,1,flat,3.354009459144436e-05
flddeg_chmret_leafoff,0,SSW,1,2,peak,1.0808067827383638e-06
flddeg_chmret_leafoff,0,SSW,2,3,ridge,6.800771188864019e-06
flddeg_chmret_leafoff,0,SSW,3,4,shoulder,6.797548849135637e-06
flddeg_chmret_leafoff,0,SSW,4,5,spur,7.340261618082877e-06
flddeg_chmret_leafoff,0,SSW,5,6,slope,2.107827822328545e-05
flddeg_chmret_leafoff,0,SSW,6,7,hollow,1.0253507753077429e-05
flddeg_chmret_leafoff,0,SSW,7,8,footslope,1.8078713765135035e-05
flddeg_chmret_leafoff,0,SSW,8,9,valley,1.707241972326301e-05
flddeg_chmret_leafoff,0,SSW,9,10,pit,5.3360554375103675e-06
flddeg_chmret_leafoff,0,UPL,0,1,flat,4.9545877118362114e-05
flddeg_chmret_leafoff,0,UPL,1,2,peak,1.9446410988166463e-06
flddeg_chmret_leafoff,0,UPL,2,3,ridge,1.1810966498160269e-05
flddeg_chmret_leafoff,0,UPL,3,4,shoulder,1.0870985533983912e-05
flddeg_chmret_leafoff,0,UPL,4,5,spur,1.2014653293590527e-05
flddeg_chmret_leafoff,0,UPL,5,6,slope,3.2376447052229196e-05
flddeg_chmret_leafoff,0,UPL,6,7,hollow,1.704020905890502e-05
flddeg_chmret_leafoff,0,UPL,7,8,footslope,2.757459515123628e-05
flddeg_chmret_leafoff,0,UPL,8,9,valley,3.0685816454933956e-05
flddeg_chmret_leafoff,0,UPL,9,10,pit,8.999311830848455e-06
flddeg_chmret_leafoff,0,overall,0,1,flat,4.071415605721995e-05
flddeg_chmret_leafoff,0,overall,1,2,peak,1.6509853821844445e-06
flddeg_chmret_leafoff,0,overall,2,3,ridge,1.0343785106670111e-05
flddeg_chmret_leafoff,0,overall,3,4,shoulder,9.369372492074035e-06
flddeg_chmret_leafoff,0,overall,4,5,spur,1.0651123375282623e-05
flddeg_chmret_leafoff,0,overall,5,6,slope,2.8264066713745706e-05
flddeg_chmret_leafoff,0,overall,6,7,hollow,1.4395676771528088e-05
flddeg_chmret_leafoff,0,overall,7,8,footslope,2.1944870240986347e-05
flddeg_chmret_leafoff,0,overall,8,9,valley,2.4204175133490935e-05
flddeg_chmret_leafoff,0,overall,9,10,pit,7.049917257972993e-06
flddeg_chmret_leafoff,1,EMW,0,1,flat,1.7508982637082227e-05
flddeg_chmret_leafoff,1,EMW,1,2,peak,1.231414103131101e-06
flddeg_chmret_leafoff,1,EMW,2,3,ridge,3.8016557937226025e-06
flddeg_chmret_leafoff,1,EMW,3,4,shoulder,4.787420039065182e-06
flddeg_chmret_leafoff,1,EMW,4,5,spur,5.197486643737648e-06
flddeg_chmret_leafoff,1,EMW,5,6,slope,1.759127371769864e-05
flddeg_chmret_leafoff,1,EMW,6,7,hollow,6.470110292866593e-06
flddeg_chmret_leafoff,1,EMW,7,8,footslope,9.493068318988662e-06
flddeg_chmret_leafoff,1,EMW,8,9,valley,1.1586917025852017e-05
flddeg_chmret_leafoff,1,EMW,9,10,pit,2.622317879286129e-06
flddeg_chmret_leafoff,1,FSW,0,1,flat,3.6568842915585265e-05
flddeg_chmret_leafoff,1,FSW,1,2,peak,3.809409918176243e-06
flddeg_chmret_leafoff,1,FSW,2,3,ridge,1.239184621226741e-05
flddeg_chmret_leafoff,1,FSW,3,4,shoulder,9.89586169453105e-06
flddeg_chmret_leafoff,1,FSW,4,5,spur,1.6016581867006607e-05
flddeg_chmret_leafoff,1,FSW,5,6,slope,4.1788287489907816e-05
flddeg_chmret_leafoff,1,FSW,6,7,hollow,1.9615159544628114e-05
flddeg_chmret_leafoff,1,FSW,7,8,footslope,2.3881710148998536e-05
flddeg_chmret_leafoff,1,FSW,8,9,valley,3.422009467612952e-05
flddeg_chmret_leafoff,1,FSW,9,10,pit,5.6841658988560084e-06
flddeg_chmret_leafoff,1,SSW,0,1,flat,2.6771638658829033e-05
flddeg_chmret_leafoff,1,SSW,1,2,peak,2.4432670215901453e-06
flddeg_chmret_leafoff,1,SSW,2,3,ridge,6.898620540596312e-06
flddeg_chmret_leafoff,1,SSW,3,4,shoulder,7.117895620467607e-06
flddeg_chmret_leafoff,1,SSW,4,5,spur,8.037563020479865e-06
flddeg_chmret_leafoff,1,SSW,5,6,slope,2.3899945517769083e-05
flddeg_chmret_leafoff,1,SSW,6,7,hollow,8.937364327721298e-06
flddeg_chmret_leafoff,1,SSW,7,8,footslope,1.2738799341605045e-05
flddeg_chmret_leafoff,1,SSW,8,9,valley,1.5163017451413907e-05
flddeg_chmret_leafoff,1,SSW,9,10,pit,3.293669578852132e-06
flddeg_chmret_leafoff,1,UPL,0,1,flat,2.0642375602619722e-05
flddeg_chmret_leafoff,1,UPL,1,2,peak,2.841500645445194e-06
flddeg_chmret_leafoff,1,UPL,2,3,ridge,7.3567584877309855e-06
flddeg_chmret_leafoff,1,UPL,3,4,shoulder,6.311535344138974e-06
flddeg_chmret_leafoff,1,UPL,4,5,spur,9.388777471031062e-06
flddeg_chmret_leafoff,1,UPL,5,6,slope,2.5900963009917177e-05
flddeg_chmret_leafoff,1,UPL,6,7,hollow,8.656626960146241e-06
flddeg_chmret_leafoff,1,UPL,7,8,footslope,1.2157312994531821e-05
flddeg_chmret_leafoff,1,UPL,8,9,valley,1.5687021004850976e-05
flddeg_chmret_leafoff,1,UPL,9,10,pit,3.733607400135952e-06
flddeg_chmret_leafoff,1,overall,0,1,flat,2.537295949878171e-05
flddeg_chmret_leafoff,1,overall,1,2,peak,2.5813978936639614e-06
flddeg_chmret_leafoff,1,overall,2,3,ridge,7.612220542796422e-06
flddeg_chmret_leafoff,1,overall,3,4,shoulder,7.0281780608638655e-06
flddeg_chmret_leafoff,1,overall,4,5,spur,9.660102477937471e-06
flddeg_chmret_leafoff,1,overall,5,6,slope,2.7295116524328478e-05
flddeg_chmret_leafoff,1,overall,6,7,hollow,1.0919815395027399e-05
flddeg_chmret_leafoff,1,overall,7,8,footslope,1.4567723155778367e-05
flddeg_chmret_leafoff,1,overall,8,9,valley,1.9164262994308956e-05
flddeg_chmret_leafoff,1,overall,9,10,pit,3.8334401324391365e-06
flddeg_chmret_leafoff,2,EMW,0,1,flat,3.0216953746275976e-05
flddeg_chmret_leafoff,2,EMW,1,2,peak,1.41098962558317e-06
flddeg_chmret_leafoff,2,EMW,2,3,ridge,7.0980631790007465e-06
flddeg_chmret_leafoff,2,EMW,3,4,shoulder,5.302231329551432e-06
flddeg_chmret_leafoff,2,EMW,4,5,spur,7.783632099744864e-06
flddeg_chmret_leafoff,2,EMW,5,6,slope,2.509717523935251e-05
flddeg_chmret_leafoff,2,EMW,6,7,hollow,7.407953034999082e-06
flddeg_chmret_leafoff,2,EMW,7,8,footslope,1.3665146070707124e-05
flddeg_chmret_leafoff,2,EMW,8,9,valley,1.724254252621904e-05
flddeg_chmret_leafoff,2,EMW,9,10,pit,2.436788918203092e-06
flddeg_chmret_leafoff,2,FSW,0,1,flat,4.814990461454727e-05
flddeg_chmret_leafoff,2,FSW,1,2,peak,3.064116299356101e-06
flddeg_chmret_leafoff,2,FSW,2,3,ridge,1.1359208656358533e-05
flddeg_chmret_leafoff,2,FSW,3,4,shoulder,8.651002644910477e-06
flddeg_chmret_leafoff,2,FSW,4,5,spur,1.6420948668383062e-05
flddeg_chmret_leafoff,2,FSW,5,6,slope,4.037870894535445e-05
flddeg_chmret_leafoff,2,FSW,6,7,hollow,1.3770133591606282e-05
flddeg_chmret_leafoff,2,FSW,7,8,footslope,2.1364814529079013e-05
flddeg_chmret_leafoff,2,FSW,8,9,valley,3.182100044796243e-05
flddeg_chmret_leafoff,2,FSW,9,10,pit,4.421631729201181e-06
flddeg_chmret_leafoff,2,SSW,0,1,flat,3.841166471829638e-05
flddeg_chmret_leafoff,2,SSW,1,2,peak,1.9296537629998056e-06
flddeg_chmret_leafoff,2,SSW,2,3,ridge,9.906167178996839e-06
flddeg_chmret_leafoff,2,SSW,3,4,shoulder,5.954995685897302e-06
flddeg_chmret_leafoff,2,SSW,4,5,spur,9.935650268744212e-06
flddeg_chmret_leafoff,2,SSW,5,6,slope,2.9531909603974782e-05
flddeg_chmret_leafoff,2,SSW,6,7,hollow,7.872374226280954e-06
flddeg_chmret_leafoff,2,SSW,7,8,footslope,1.457162852602778e-05
flddeg_chmret_leafoff,2,SSW,8,9,valley,1.7378173652105033e-05
flddeg_chmret_leafoff,2,SSW,9,10,pit,2.5243150503229117e-06
flddeg_chmret_leafoff,2,UPL,0,1,flat,2.2408868971979246e-05
flddeg_chmret_leafoff,2,UPL,1,2,peak,2.243315066152718e-06
flddeg_chmret_leafoff,2,UPL,2,3,ridge,9.333107300335541e-06
flddeg_chmret_leafoff,2,UPL,3,4,shoulder,5.964423053228529e-06
flddeg_chmret_leafoff,2,UPL,4,5,spur,1.2373950085020624e-05
flddeg_chmret_leafoff,2,UPL,5,6,slope,3.431499135331251e-05
flddeg_chmret_leafoff,2,UPL,6,7,hollow,7.239993465191219e-06
flddeg_chmret_leafoff,2,UPL,7,8,footslope,1.0565892807790078e-05
flddeg_chmret_leafoff,2,UPL,8,9,valley,1.306617195950821e-05
flddeg_chmret_leafoff,2,UPL,9,10,pit,2.0208885871397797e-06
flddeg_chmret_leafoff,2,overall,0,1,flat,3.479684892226942e-05
flddeg_chmret_leafoff,2,overall,1,2,peak,2.1620187453663675e-06
flddeg_chmret_leafoff,2,overall,2,3,ridge,9.42413680604659e-06
flddeg_chmret_leafoff,2,overall,3,4,shoulder,6.468163064710097e-06
flddeg_chmret_leafoff,2,overall,4,5,spur,1.1628544598352164e-05
flddeg_chmret_leafoff,2,overall,5,6,slope,3.233069583075121e-05
flddeg_chmret_leafoff,2,overall,6,7,hollow,9.072613465832546e-06
flddeg_chmret_leafoff,2,overall,7,8,footslope,1.504187093814835e-05
flddeg_chmret_leafoff,2,overall,8,9,valley,1.987697214644868e-05
flddeg_chmret_leafoff,2,overall,9,10,pit,2.850906184903579e-06
flddeg_chmret_leafoff,3,EMW,0,1,flat,1.0427766937937122e-05
flddeg_chmret_leafoff,3,EMW,1,2,peak,6.818989959356259e-07
flddeg_chmret_leafoff,3,EMW,2,3,ridge,4.338774488132913e-06
flddeg_chmret_leafoff,3,EMW,3,4,shoulder,4.236885615682695e-06
flddeg_chmret_leafoff,3,EMW,4,5,spur,5.368613528844435e-06
flddeg_chmret_leafoff,3,EMW,5,6,slope,1.3309138012118638e-05
flddeg_chmret_leafoff,3,EMW,6,7,hollow,6.1495557019952685e-06
flddeg_chmret_leafoff,3,EMW,7,8,footslope,7.599146101711085e-06
flddeg_chmret_leafoff,3,EMW,8,9,valley,1.0839152309927158e-05
flddeg_chmret_leafoff,3,EMW,9,10,pit,2.9391972020675894e-06
flddeg_chmret_leafoff,3,FSW,0,1,flat,2.6482706743991002e-05
flddeg_chmret_leafoff,3,FSW,1,2,peak,2.175719373553875e-06
flddeg_chmret_leafoff,3,FSW,2,3,ridge,1.3216689694672823e-05
flddeg_chmret_leafoff,3,FSW,3,4,shoulder,1.4740983715455513e-05
flddeg_chmret_leafoff,3,FSW,4,5,spur,2.217853398178704e-05
flddeg_chmret_leafoff,3,FSW,5,6,slope,4.221904600854032e-05
flddeg_chmret_leafoff,3,FSW,6,7,hollow,1.66269855981227e-05
flddeg_chmret_leafoff,3,FSW,7,8,footslope,1.7454911358072422e-05
flddeg_chmret_leafoff,3,FSW,8,9,valley,2.3173217414296232e-05
flddeg_chmret_leafoff,3,FSW,9,10,pit,5.179376785235945e-06
flddeg_chmret_leafoff,3,SSW,0,1,flat,1.732720193103887e-05
flddeg_chmret_leafoff,3,SSW,1,2,peak,1.070613961928757e-06
flddeg_chmret_leafoff,3,SSW,2,3,ridge,5.6362578106927685e-06
flddeg_chmret_leafoff,3,SSW,3,4,shoulder,6.500582912849495e-06
flddeg_chmret_leafoff,3,SSW,4,5,spur,6.614206995436689e-06
flddeg_chmret_leafoff,3,SSW,5,6,slope,1.8352233382756822e-05
flddeg_chmret_leafoff,3,SSW,6,7,hollow,7.377761448879028e-06
flddeg_chmret_leafoff,3,SSW,7,8,footslope,1.0688582733564544e-05
flddeg_chmret_leafoff,3,SSW,8,9,valley,1.3307932022144087e-05
flddeg_chmret_leafoff,3,SSW,9,10,pit,2.9665220608876552e-06
flddeg_chmret_leafoff,3,UPL,0,1,flat,1.7188398487633094e-05
flddeg_chmret_leafoff,3,UPL,1,2,peak,2.1007354007451795e-06
flddeg_chmret_leafoff,3,UPL,2,3,ridge,1.175784200313501e-05
flddeg_chmret_leafoff,3,UPL,3,4,shoulder,1.2507975043263286e-05
flddeg_chmret_leafoff,3,UPL,4,5,spur,1.9950635760324076e-05
flddeg_chmret_leafoff,3,UPL,5,6,slope,3.8324145862134174e-05
flddeg_chmret_leafoff,3,UPL,6,7,hollow,1.228014752996387e-05
flddeg_chmret_leafoff,3,UPL,7,8,footslope,1.1841837476822548e-05
flddeg_chmret_leafoff,3,UPL,8,9,valley,1.5336141586885788e-05
flddeg_chmret_leafoff,3,UPL,9,10,pit,3.6306059882917907e-06
flddeg_chmret_leafoff,3,overall,0,1,flat,1.7856518752523698e-05
flddeg_chmret_leafoff,3,overall,1,2,peak,1.5072419046191499e-06
flddeg_chmret_leafoff,3,overall,2,3,ridge,8.737390999158379e-06
flddeg_chmret_leafoff,3,overall,3,4,shoulder,9.49660716287326e-06
flddeg_chmret_leafoff,3,overall,4,5,spur,1.3527996998163871e-05
flddeg_chmret_leafoff,3,overall,5,6,slope,2.805114127113484e-05
flddeg_chmret_leafoff,3,overall,6,7,hollow,1.0608612683427054e-05
flddeg_chmret_leafoff,3,overall,7,8,footslope,1.1896119758603163e-05
flddeg_chmret_leafoff,3,overall,8,9,valley,1.5664110833313316e-05
flddeg_chmret_leafoff,3,overall,9,10,pit,3.678925622807583e-06
flddeg_chmret_leafoff,4,EMW,0,1,flat,1.7578311599208973e-05
flddeg_chmret_leafoff,4,EMW,1,2,peak,6.057499035705405e-07
flddeg_chmret_leafoff,4,EMW,2,3,ridge,5.543869519897271e-06
flddeg_chmret_leafoff,4,EMW,3,4,shoulder,4.624394023267087e-06
flddeg_chmret_leafoff,4,EMW,4,5,spur,6.52017115498893e-06
flddeg_chmret_leafoff,4,EMW,5,6,slope,1.5873820302658714e-05
flddeg_chmret_leafoff,4,EMW,6,7,hollow,7.031449058558792e-06
flddeg_chmret_leafoff,4,EMW,7,8,footslope,1.1626529158093035e-05
flddeg_chmret_leafoff,4,EMW,8,9,valley,1.1474434359115548e-05
flddeg_chmret_leafoff,4,EMW,9,10,pit,3.111789965259959e-06
flddeg_chmret_leafoff,4,FSW,0,1,flat,3.0217004677979276e-05
flddeg_chmret_leafoff,4,FSW,1,2,peak,1.5296025139832636e-06
flddeg_chmret_leafoff,4,FSW,2,3,ridge,1.56080841406947e-05
flddeg_chmret_leafoff,4,FSW,3,4,shoulder,1.015569614537526e-05
flddeg_chmret_leafoff,4,FSW,4,5,spur,1.8013108274317347e-05
flddeg_chmret_leafoff,4,FSW,5,6,slope,3.96741961594671e-05
flddeg_chmret_leafoff,4,FSW,6,7,hollow,1.802877704903949e-05
flddeg_chmret_leafoff,4,FSW,7,8,footslope,2.0808103727176785e-05
flddeg_chmret_leafoff,4,FSW,8,9,valley,2.4060818759608082e-05
flddeg_chmret_leafoff,4,FSW,9,10,pit,7.524248303525383e-06
flddeg_chmret_leafoff,4,SSW,0,1,flat,3.2303407351719216e-05
flddeg_chmret_leafoff,4,SSW,1,2,peak,1.372284827994008e-06
flddeg_chmret_leafoff,4,SSW,2,3,ridge,1.2343848538876045e-05
flddeg_chmret_leafoff,4,SSW,3,4,shoulder,9.987580597226042e-06
flddeg_chmret_leafoff,4,SSW,4,5,spur,1.602953125257045e-05
flddeg_chmret_leafoff,4,SSW,5,6,slope,3.883391400449909e-05
flddeg_chmret_leafoff,4,SSW,6,7,hollow,1.3589997251983732e-05
flddeg_chmret_leafoff,4,SSW,7,8,footslope,1.9902548956451938e-05
flddeg_chmret_leafoff,4,SSW,8,9,valley,1.8533039110479876e-05
flddeg_chmret_leafoff,4,SSW,9,10,pit,4.340336090535857e-06
flddeg_chmret_leafoff,4,UPL,0,1,flat,2.05696742341388e-05
flddeg_chmret_leafoff,4,UPL,1,2,peak,1.1348778343744925e-06
flddeg_chmret_leafoff,4,UPL,2,3,ridge,1.2188729670015164e-05
flddeg_chmret_leafoff,4,UPL,3,4,shoulder,7.478936367988354e-06
flddeg_chmret_leafoff,4,UPL,4,5,spur,1.4423188986256719e-05
flddeg_chmret_leafoff,4,UPL,5,6,slope,3.2902327802730724e-05
flddeg_chmret_leafoff,4,UPL,6,7,hollow,1.1241607353440486e-05
flddeg_chmret_leafoff,4,UPL,7,8,footslope,1.4305687727755867e-05
flddeg_chmret_leafoff,4,UPL,8,9,valley,1.6030735423555598e-05
flddeg_chmret_leafoff,4,UPL,9,10,pit,5.246193268249044e-06
flddeg_chmret_leafoff,4,overall,0,1,flat,2.5167097192024812e-05
flddeg_chmret_leafoff,4,overall,1,2,peak,1.1606288126131403e-06
flddeg_chmret_leafoff,4,overall,2,3,ridge,1.1421132512623444e-05
flddeg_chmret_leafoff,4,overall,3,4,shoulder,8.061651897151023e-06
flddeg_chmret_leafoff,4,overall,4,5,spur,1.374649946228601e-05
flddeg_chmret_leafoff,4,overall,5,6,slope,3.182106593158096e-05
flddeg_chmret_leafoff,4,overall,6,7,hollow,1.2472957678255625e-05
flddeg_chmret_leafoff,4,overall,7,8,footslope,1.6660716937622055e-05
flddeg_chmret_leafoff,4,overall,8,9,valley,1.7524756913189776e-05
flddeg_chmret_leafoff,4,overall,9,10,pit,5.055641850049142e-06
nwi_chmret_leafoff,0,EMW,0,1,flat,2.0383426090120338e-05
nwi_chmret_leafoff,0,EMW,1,2,peak,5.981277695354947e-07
nwi_chmret_leafoff,0,EMW,2,3,ridge,4.0575419006927405e-06
nwi_chmret_leafoff,0,EMW,3,4,shoulder,3.5280027077533305e-06
nwi_chmret_leafoff,0,EMW,4,5,spur,3.847103926091222e-06
nwi_chmret_leafoff,0,EMW,5,6,slope,1.3155309716239572e-05
nwi_chmret_leafoff,0,EMW,6,7,hollow,4.5591996240545996e-06
nwi_chmret_leafoff,0,EMW,7,8,footslope,9.061264790943824e-06
nwi_chmret_leafoff,0,EMW,8,9,valley,8.667268048156984e-06
nwi_chmret_leafoff,0,EMW,9,10,pit,2.5295018986071227e-06
nwi_chmret_leafoff,0,FSW,0,1,flat,2.7611435143626295e-05
nwi_chmret_leafoff,0,FSW,1,2,peak,1.0422675131849246e-06
nwi_chmret_leafoff,0,FSW,2,3,ridge,6.541683433169965e-06
nwi_chmret_leafoff,0,FSW,3,4,shoulder,5.214525117480662e-06
nwi_chmret_leafoff,0,FSW,4,5,spur,6.6846541812992655e-06
nwi_chmret_leafoff,0,FSW,5,6,slope,1.614131178939715e-05
nwi_chmret_leafoff,0,FSW,6,7,hollow,7.888538675615564e-06
nwi_chmret_leafoff,0,FSW,7,8,footslope,1.4732888303115033e-05
nwi_chmret_leafoff,0,FSW,8,9,valley,1.7374846720485948e-05
nwi_chmret_leafoff,0,FSW,9,10,pit,5.093436357128667e-06
nwi_chmret_leafoff,0,SSW,0,1,flat,2.810811929521151e-05
nwi_chmret_leafoff,0,SSW,1,2,peak,8.941871669776447e-07
nwi_chmret_leafoff,0,SSW,2,3,ridge,5.650111233990174e-06
nwi_chmret_leafoff,0,SSW,3,4,shoulder,4.831614660361083e-06
nwi_chmret_leafoff,0,SSW,4,5,spur,5.8390078265802e-06
nwi_chmret_leafoff,0,SSW,5,6,slope,1.6159207007149234e-05
nwi_chmret_leafoff,0,SSW,6,7,hollow,8.968532711151056e-06
nwi_chmret_leafoff,0,SSW,7,8,footslope,1.5525592971243896e-05
nwi_chmret_leafoff,0,SSW,8,9,valley,1.604225872142706e-05
nwi_chmret_leafoff,0,SSW,9,10,pit,4.819270998268621e-06
nwi_chmret_leafoff,0,UPL,0,1,flat,3.8627131289104e-05
nwi_chmret_leafoff,0,UPL,1,2,peak,1.4669410575152142e-06
nwi_chmret_leafoff,0,UPL,2,3,ridge,9.619163392926566e-06
nwi_chmret_leafoff,0,UPL,3,4,shoulder,7.748652933514677e-06
nwi_chmret_leafoff,0,UPL,4,5,spur,9.859229976427741e-06
nwi_chmret_leafoff,0,UPL,5,6,slope,2.645008498802781e-05
nwi_chmret_leafoff,0,UPL,6,7,hollow,1.300360781897325e-05
nwi_chmret_leafoff,0,UPL,7,8,footslope,2.4095652406685986e-05
nwi_chmret_leafoff,0,UPL,8,9,valley,3.0705032258993015e-05
nwi_chmret_leafoff,0,UPL,9,10,pit,8.728473403607495e-06
nwi_chmret_leafoff,0,overall,0,1,flat,2.8682527045020834e-05
nwi_chmret_leafoff,0,overall,1,2,peak,1.0003809620684478e-06
nwi_chmret_leafoff,0,overall,2,3,ridge,6.4671253312553745e-06
nwi_chmret_leafoff,0,overall,3,4,shoulder,5.330698968464276e-06
nwi_chmret_leafoff,0,overall,4,5,spur,6.557499091286445e-06
nwi_chmret_leafoff,0,overall,5,6,slope,1.7976479284698144e-05
nwi_chmret_leafoff,0,overall,6,7,hollow,8.604969480074942e-06
nwi_chmret_leafoff,0,overall,7,8,footslope,1.5853849617997184e-05
nwi_chmret_leafoff,0,overall,8,9,valley,1.8197351892013103e-05
nwi_chmret_leafoff,0,overall,9,10,pit,5.292670721246395e-06
nwi_chmret_leafoff,1,EMW,0,1,flat,1.819731915020384e-05
nwi_chmret_leafoff,1,EMW,1,2,peak,1.4118138551566517e-06
nwi_chmret_leafoff,1,EMW,2,3,ridge,4.0953877942229155e-06
nwi_chmret_leafoff,1,EMW,3,4,shoulder,5.888407486054348e-06
nwi_chmret_leafoff,1,EMW,4,5,spur,4.89886588184163e-06
nwi_chmret_leafoff,1,EMW,5,6,slope,2.110165951307863e-05
nwi_chmret_leafoff,1,EMW,6,7,hollow,6.200787083798787e-06
nwi_chmret_leafoff,1,EMW,7,8,footslope,1.0705536624300294e-05
nwi_chmret_leafoff,1,EMW,8,9,valley,1.2057578715030104e-05
nwi_chmret_leafoff,1,EMW,9,10,pit,2.747543476289138e-06
nwi_chmret_leafoff,1,FSW,0,1,flat,3.103357084910385e-05
nwi_chmret_leafoff,1,FSW,1,2,peak,3.6707351682707667e-06
nwi_chmret_leafoff,1,FSW,2,3,ridge,7.297709998965729e-06
nwi_chmret_leafoff,1,FSW,3,4,shoulder,7.535107670264551e-06
nwi_chmret_leafoff,1,FSW,4,5,spur,9.209152267430909e-06
nwi_chmret_leafoff,1,FSW,5,6,slope,2.5793697204790078e-05
nwi_chmret_leafoff,1,FSW,6,7,hollow,1.2118693121010438e-05
nwi_chmret_leafoff,1,FSW,7,8,footslope,1.4760034900973551e-05
nwi_chmret_leafoff,1,FSW,8,9,valley,1.8657505279406905e-05
nwi_chmret_leafoff,1,FSW,9,10,pit,5.163503828953253e-06
nwi_chmret_leafoff,1,SSW,0,1,flat,1.8932872990262695e-05
nwi_chmret_leafoff,1,SSW,1,2,peak,2.521660917409463e-06
nwi_chmret_leafoff,1,SSW,2,3,ridge,4.54927339887945e-06
nwi_chmret_leafoff,1,SSW,3,4,shoulder,6.805327757319901e-06
nwi_chmret_leafoff,1,SSW,4,5,spur,6.057025075278943e-06
nwi_chmret_leafoff,1,SSW,5,6,slope,2.3208649508887902e-05
nwi_chmret_leafoff,1,SSW,6,7,hollow,8.654688826936763e-06
nwi_chmret_leafoff,1,SSW,7,8,footslope,1.2334216080489568e-05
nwi_chmret_leafoff,1,SSW,8,9,valley,1.423235244146781e-05
nwi_chmret_leafoff,1,SSW,9,10,pit,3.616245521698147e-06
nwi_chmret_leafoff,1,UPL,0,1,flat,2.892281008826103e-05
nwi_chmret_leafoff,1,UPL,1,2,peak,4.514830834523309e-06
nwi_chmret_leafoff,1,UPL,2,3,ridge,7.974615073180757e-06
nwi_chmret_leafoff,1,UPL,3,4,shoulder,1.1806624570454005e-05
nwi_chmret_leafoff,1,UPL,4,5,spur,1.0061300599772949e-05
nwi_chmret_leafoff,1,UPL,5,6,slope,3.1809639040147886e-05
nwi_chmret_leafoff,1,UPL,6,7,hollow,1.4142613508738577e-05
nwi_chmret_leafoff,1,UPL,7,8,footslope,1.8920709408121184e-05
nwi_chmret_leafoff,1,UPL,8,9,valley,2.3536829758086242e-05
nwi_chmret_leafoff,1,UPL,9,10,pit,6.43709790892899e-06
nwi_chmret_leafoff,1,overall,0,1,flat,2.4271643269457854e-05
nwi_chmret_leafoff,1,overall,1,2,peak,3.0297601369966287e-06
nwi_chmret_leafoff,1,overall,2,3,ridge,5.979246907372726e-06
nwi_chmret_leafoff,1,overall,3,4,shoulder,8.008866643649526e-06
nwi_chmret_leafoff,1,overall,4,5,spur,7.55658584239427e-06
nwi_chmret_leafoff,1,overall,5,6,slope,2.547841359046288e-05
nwi_chmret_leafoff,1,overall,6,7,hollow,1.0279195521434303e-05
nwi_chmret_leafoff,1,overall,7,8,footslope,1.4180123798723798e-05
nwi_chmret_leafoff,1,overall,8,9,valley,1.712106677587144e-05
nwi_chmret_leafoff,1,overall,9,10,pit,4.4910975702805445e-06
nwi_chmret_leafoff,2,EMW,0,1,flat,3.273256152169779e-05
nwi_chmret_leafoff,2,EMW,1,2,peak,1.3457048453346943e-06
nwi_chmret_leafoff,2,EMW,2,3,ridge,5.353588221623795e-06
nwi_chmret_leafoff,2,EMW,3,4,shoulder,5.449536729429383e-06
nwi_chmret_leafoff,2,EMW,4,5,spur,6.595608283532783e-06
nwi_chmret_leafoff,2,EMW,5,6,slope,2.5324072339572012e-05
nwi_chmret_leafoff,2,EMW,6,7,hollow,5.572301688516745e-06
nwi_chmret_leafoff,2,EMW,7,8,footslope,1.1492049452499487e-05
nwi_chmret_leafoff,2,EMW,8,9,valley,1.3231197954155505e-05
nwi_chmret_leafoff,2,EMW,9,10,pit,1.7279293160754605e-06
nwi_chmret_leafoff,2,FSW,0,1,flat,4.06550825573504e-05
nwi_chmret_leafoff,2,FSW,1,2,peak,1.4955824099160964e-06
nwi_chmret_leafoff,2,FSW,2,3,ridge,6.294395461736713e-06
nwi_chmret_leafoff,2,FSW,3,4,shoulder,8.046225957514253e-06
nwi_chmret_leafoff,2,FSW,4,5,spur,7.715846550127026e-06
nwi_chmret_leafoff,2,FSW,5,6,slope,2.5105220629484393e-05
nwi_chmret_leafoff,2,FSW,6,7,hollow,9.163607501250226e-06
nwi_chmret_leafoff,2,FSW,7,8,footslope,1.3574576769315172e-05
nwi_chmret_leafoff,2,FSW,8,9,valley,2.2795098630012944e-05
nwi_chmret_leafoff,2,FSW,9,10,pit,2.8134388685430167e-06
nwi_chmret_leafoff,2,SSW,0,1,flat,2.5075572921196e-05
nwi_chmret_leafoff,2,SSW,1,2,peak,1.0332680631108815e-06
nwi_chmret_leafoff,2,SSW,2,3,ridge,4.583938334690174e-06
nwi_chmret_leafoff,2,SSW,3,4,shoulder,5.672226052411133e-06
nwi_chmret_leafoff,2,SSW,4,5,spur,5.257041266304441e-06
nwi_chmret_leafoff,2,SSW,5,6,slope,1.6709256669855677e-05
nwi_chmret_leafoff,2,SSW,6,7,hollow,6.7044202296528965e-06
nwi_chmret_leafoff,2,SSW,7,8,footslope,1.4532679415424354e-05
nwi_chmret_leafoff,2,SSW,8,9,valley,1.159667044703383e-05
nwi_chmret_leafoff,2,SSW,9,10,pit,1.5386697214125888e-06
nwi_chmret_leafoff,2,UPL,0,1,flat,2.7035805032937787e-05
nwi_chmret_leafoff,2,UPL,1,2,peak,1.6296240801239037e-06
nwi_chmret_leafoff,2,UPL,2,3,ridge,7.140778961911565e-06
nwi_chmret_leafoff,2,UPL,3,4,shoulder,7.438940428983187e-06
nwi_chmret_leafoff,2,UPL,4,5,spur,8.231528227042872e-06
nwi_chmret_leafoff,2,UPL,5,6,slope,3.0922550649847835e-05
nwi_chmret_leafoff,2,UPL,6,7,hollow,8.933945537137333e-06
nwi_chmret_leafoff,2,UPL,7,8,footslope,1.3030265108682215e-05
nwi_chmret_leafoff,2,UPL,8,9,valley,1.5167732271947898e-05
nwi_chmret_leafoff,2,UPL,9,10,pit,2.3485270048695384e-06
nwi_chmret_leafoff,2,overall,0,1,flat,3.137475505354814e-05
nwi_chmret_leafoff,2,overall,1,2,peak,1.3760449064648128e-06
nwi_chmret_leafoff,2,overall,2,3,ridge,5.843175586051075e-06
nwi_chmret_leafoff,2,overall,3,4,shoulder,6.651732292084489e-06
nwi_chmret_leafoff,2,overall,4,5,spur,6.95000562700443e-06
nwi_chmret_leafoff,2,overall,5,6,slope,2.451527507218998e-05
nwi_chmret_leafoff,2,overall,6,7,hollow,7.593568625452463e-06
nwi_chmret_leafoff,2,overall,7,8,footslope,1.3157392459106632e-05
nwi_chmret_leafoff,2,overall,8,9,valley,1.5697674825787544e-05
nwi_chmret_leafoff,2,overall,9,10,pit,2.1071411993034417e-06
nwi_chmret_leafoff,3,EMW,0,1,flat,1.7259237210964784e-05
nwi_chmret_leafoff,3,EMW,1,2,peak,1.0579003628663486e-06
nwi_chmret_leafoff,3,EMW,2,3,ridge,7.102828931238037e-06
nwi_chmret_leafoff,3,EMW,3,4,shoulder,7.37877326173475e-06
nwi_chmret_leafoff,3,EMW,4,5,spur,8.276631888293196e-06
nwi_chmret_leafoff,3,EMW,5,6,slope,1.9218043235014193e-05
nwi_chmret_leafoff,3,EMW,6,7,hollow,1.0880601621465757e-05
nwi_chmret_leafoff,3,EMW,7,8,footslope,1.4413101780519355e-05
nwi_chmret_leafoff,3,EMW,8,9,valley,1.68108399520861e-05
nwi_chmret_leafoff,3,EMW,9,10,pit,7.254986940097297e-06
nwi_chmret_leafoff,3,FSW,0,1,flat,3.542680497048423e-05
nwi_chmret_leafoff,3,FSW,1,2,peak,2.7977539502899162e-06
nwi_chmret_leafoff,3,FSW,2,3,ridge,1.703584894130472e-05
nwi_chmret_leafoff,3,FSW,3,4,shoulder,1.904949385789223e-05
nwi_chmret_leafoff,3,FSW,4,5,spur,2.4389708414673805e-05
nwi_chmret_leafoff,3,FSW,5,6,slope,5.331253123586066e-05
nwi_chmret_leafoff,3,FSW,6,7,hollow,3.468328213784844e-05
nwi_chmret_leafoff,3,FSW,7,8,footslope,2.9556078516179696e-05
nwi_chmret_leafoff,3,FSW,8,9,valley,3.972211925429292e-05
nwi_chmret_leafoff,3,FSW,9,10,pit,1.3074793969281018e-05
nwi_chmret_leafoff,3,SSW,0,1,flat,1.3794438928016461e-05
nwi_chmret_leafoff,3,SSW,1,2,peak,8.062767733463261e-07
nwi_chmret_leafoff,3,SSW,2,3,ridge,5.912465894652996e-06
nwi_chmret_leafoff,3,SSW,3,4,shoulder,6.171962013468146e-06
nwi_chmret_leafoff,3,SSW,4,5,spur,6.644370387220988e-06
nwi_chmret_leafoff,3,SSW,5,6,slope,1.4354571248986758e-05
nwi_chmret_leafoff,3,SSW,6,7,hollow,8.870755664247554e-06
nwi_chmret_leafoff,3,SSW,7,8,footslope,1.1956561138504185e-05
nwi_chmret_leafoff,3,SSW,8,9,valley,1.3657650924869813e-05
nwi_chmret_leafoff,3,SSW,9,10,pit,6.4567275330773555e-06
nwi_chmret_leafoff,3,UPL,0,1,flat,3.28777932736557e-05
nwi_chmret_leafoff,3,UPL,1,2,peak,3.0022827104403405e-06
nwi_chmret_leafoff,3,UPL,2,3,ridge,1.6565707483096048e-05
nwi_chmret_leafoff,3,UPL,3,4,shoulder,2.061090162897017e-05
nwi_chmret_leafoff,3,UPL,4,5,spur,2.0661987946368754e-05
nwi_chmret_leafoff,3,UPL,5,6,slope,4.730488217319362e-05
nwi_chmret_leafoff,3,UPL,6,7,hollow,2.9128725145710632e-05
nwi_chmret_leafoff,3,UPL,7,8,footslope,2.6447631171322428e-05
nwi_chmret_leafoff,3,UPL,8,9,valley,3.30390794260893e-05
nwi_chmret_leafoff,3,UPL,9,10,pit,1.023633831209736e-05
nwi_chmret_leafoff,3,overall,0,1,flat,2.4839569960022345e-05
nwi_chmret_leafoff,3,overall,1,2,peak,1.9160534066031687e-06
nwi_chmret_leafoff,3,overall,2,3,ridge,1.16542123578256e-05
nwi_chmret_leafoff,3,overall,3,4,shoulder,1.3302782463142648e-05
nwi_chmret_leafoff,3,overall,4,5,spur,1.4993174772826023e-05
nwi_chmret_leafoff,3,overall,5,6,slope,3.3547505154274404e-05
nwi_chmret_leafoff,3,overall,6,7,hollow,2.0890842279186472e-05
nwi_chmret_leafoff,3,overall,7,8,footslope,2.059334292425774e-05
nwi_chmret_leafoff,3,overall,8,9,valley,2.580742147983983e-05
nwi_chmret_leafoff,3,overall,9,10,pit,9.255711120204069e-06
nwi_chmret_leafoff,4,EMW,0,1,flat,2.4225842935265973e-05
nwi_chmret_leafoff,4,EMW,1,2,peak,7.473489631593111e-07
nwi_chmret_leafoff,4,EMW,2,3,ridge,6.627776656387141e-06
nwi_chmret_leafoff,4,EMW,3,4,shoulder,6.607166142202914e-06
nwi_chmret_leafoff,4,EMW,4,5,spur,8.652838005218655e-06
nwi_chmret_leafoff,4,EMW,5,6,slope,2.11877759284107e-05
nwi_chmret_leafoff,4,EMW,6,7,hollow,8.948413778853137e-06
nwi_chmret_leafoff,4,EMW,7,8,footslope,1.5828349205548875e-05
nwi_chmret_leafoff,4,EMW,8,9,valley,1.4834981811873149e-05
nwi_chmret_leafoff,4,EMW,9,10,pit,3.197464366166969e-06
nwi_chmret_leafoff,4,FSW,0,1,flat,2.7366986614651978e-05
nwi_chmret_leafoff,4,FSW,1,2,peak,1.0461186548127444e-06
nwi_chmret_leafoff,4,FSW,2,3,ridge,6.319429758150363e-06
nwi_chmret_leafoff,4,FSW,3,4,shoulder,7.188944437075406e-06
nwi_chmret_leafoff,4,FSW,4,5,spur,9.09417121874867e-06
nwi_chmret_leafoff,4,FSW,5,6,slope,2.2773485397920012e-05
nwi_chmret_leafoff,4,FSW,6,7,hollow,9.776395017979667e-06
nwi_chmret_leafoff,4,FSW,7,8,footslope,2.0812924049096182e-05
nwi_chmret_leafoff,4,FSW,8,9,valley,2.0491697796387598e-05
nwi_chmret_leafoff,4,FSW,9,10,pit,4.6802206270513125e-06
nwi_chmret_leafoff,4,SSW,0,1,flat,2.8371059670462273e-05
nwi_chmret_leafoff,4,SSW,1,2,peak,1.285292682950967e-06
nwi_chmret_leafoff,4,SSW,2,3,ridge,7.600709977850784e-06
nwi_chmret_leafoff,4,SSW,3,4,shoulder,8.206849997804966e-06
nwi_chmret_leafoff,4,SSW,4,5,spur,9.202838555211201e-06
nwi_chmret_leafoff,4,SSW,5,6,slope,2.7343770852894522e-05
nwi_chmret_leafoff,4,SSW,6,7,hollow,1.0840980394277722e-05
nwi_chmret_leafoff,4,SSW,7,8,footslope,2.6528548914939165e-05
nwi_chmret_leafoff,4,SSW,8,9,valley,2.037814920186065e-05
nwi_chmret_leafoff,4,SSW,9,10,pit,4.754908331960905e-06
nwi_chmret_leafoff,4,UPL,0,1,flat,2.499211950635072e-05
nwi_chmret_leafoff,4,UPL,1,2,peak,9.845807653618976e-07
nwi_chmret_leafoff,4,UPL,2,3,ridge,6.829417543485761e-06
nwi_chmret_leafoff,4,UPL,3,4,shoulder,7.27131191524677e-06
nwi_chmret_leafoff,4,UPL,4,5,spur,8.844855983625166e-06
nwi_chmret_leafoff,4,UPL,5,6,slope,2.4020164346438833e-05
nwi_chmret_leafoff,4,UPL,6,7,hollow,9.815371413424145e-06
nwi_chmret_leafoff,4,UPL,7,8,footslope,2.0483723346842453e-05
nwi_chmret_leafoff,4,UPL,8,9,valley,1.8857290342566557e-05
nwi_chmret_leafoff,4,UPL,9,10,pit,3.938954250770621e-06
nwi_chmret_leafoff,4,overall,0,1,flat,2.6239002181682736e-05
nwi_chmret_leafoff,4,overall,1,2,peak,1.0158353234146489e-06
nwi_chmret_leafoff,4,overall,2,3,ridge,6.844333256594837e-06
nwi_chmret_leafoff,4,overall,3,4,shoulder,7.318568350456189e-06
nwi_chmret_leafoff,4,overall,4,5,spur,8.94867662282195e-06
nwi_chmret_leafoff,4,overall,5,6,slope,2.3831298676668666e-05
nwi_chmret_leafoff,4,overall,6,7,hollow,9.845290151133668e-06
nwi_chmret_leafoff,4,overall,7,8,footslope,2.091338683385402e-05
nwi_chmret_leafoff,4,overall,8,9,valley,1.8640530470293015e-05
nwi_chmret_leafoff,4,overall,9,10,pit,4.142886609770358e-06
nwiextra_chmret_leafoff,0,EMW,0,1,flat,1.559345400892198e-05
nwiextra_chmret_leafoff,0,EMW,1,2,peak,6.074093903407629e-07
nwiextra_chmret_leafoff,0,EMW,2,3,ridge,3.2284719964081887e-06
nwiextra_chmret_leafoff,0,EMW,3,4,shoulder,2.1570426724792924e-06
nwiextra_chmret_leafoff,0,EMW,4,5,spur,2.9983259537402773e-06
nwiextra_chmret_leafoff,0,EMW,5,6,slope,9.096178473555483e-06
nwiextra_chmret_leafoff,0,EMW,6,7,hollow,3.6122644360148115e-06
nwiextra_chmret_leafoff,0,EMW,7,8,footslope,6.980901616771007e-06
nwiextra_chmret_leafoff,0,EMW,8,9,valley,6.136643605714198e-06
nwiextra_chmret_leafoff,0,EMW,9,10,pit,1.734867510094773e-06
nwiextra_chmret_leafoff,0,FSW,0,1,flat,2.3765984224155545e-05
nwiextra_chmret_leafoff,0,FSW,1,2,peak,9.472105375607498e-07
nwiextra_chmret_leafoff,0,FSW,2,3,ridge,5.3802423281013034e-06
nwiextra_chmret_leafoff,0,FSW,3,4,shoulder,3.8007303828635486e-06
nwiextra_chmret_leafoff,0,FSW,4,5,spur,5.672502993547823e-06
nwiextra_chmret_leafoff,0,FSW,5,6,slope,1.3948903870186768e-05
nwiextra_chmret_leafoff,0,FSW,6,7,hollow,6.527284313051496e-06
nwiextra_chmret_leafoff,0,FSW,7,8,footslope,1.2149168469477445e-05
nwiextra_chmret_leafoff,0,FSW,8,9,valley,1.551595596538391e-05
nwiextra_chmret_leafoff,0,FSW,9,10,pit,4.8308766054105945e-06
nwiextra_chmret_leafoff,0,SSW,0,1,flat,2.4891643988667056e-05
nwiextra_chmret_leafoff,0,SSW,1,2,peak,1.1545884035513154e-06
nwiextra_chmret_leafoff,0,SSW,2,3,ridge,5.491444426297676e-06
nwiextra_chmret_leafoff,0,SSW,3,4,shoulder,3.917058165825438e-06
nwiextra_chmret_leafoff,0,SSW,4,5,spur,5.408154720498715e-06
nwiextra_chmret_leafoff,0,SSW,5,6,slope,1.4015704437042587e-05
nwiextra_chmret_leafoff,0,SSW,6,7,hollow,6.554957508342341e-06
nwiextra_chmret_leafoff,0,SSW,7,8,footslope,1.6638925444567576e-05
nwiextra_chmret_leafoff,0,SSW,8,9,valley,1.729201540001668e-05
nwiextra_chmret_leafoff,0,SSW,9,10,pit,4.373551746539306e-06
nwiextra_chmret_leafoff,0,UPL,0,1,flat,4.3407904740888625e-05
nwiextra_chmret_leafoff,0,UPL,1,2,peak,1.8446799003868364e-06
nwiextra_chmret_leafoff,0,UPL,2,3,ridge,1.0422561899758875e-05
nwiextra_chmret_leafoff,0,UPL,3,4,shoulder,7.216590347525198e-06
nwiextra_chmret_leafoff,0,UPL,4,5,spur,1.0632253179210238e-05
nwiextra_chmret_leafoff,0,UPL,5,6,slope,3.0430281185545027e-05
nwiextra_chmret_leafoff,0,UPL,6,7,hollow,1.2400365449138917e-05
nwiextra_chmret_leafoff,0,UPL,7,8,footslope,3.0340390367200598e-05
nwiextra_chmret_leafoff,0,UPL,8,9,valley,3.383987132110633e-05
nwiextra_chmret_leafoff,0,UPL,9,10,pit,9.895406947180163e-06
nwiextra_chmret_leafoff,0,overall,0,1,flat,2.6914747650153004e-05
nwiextra_chmret_leafoff,0,overall,1,2,peak,1.1384720437490614e-06
nwiextra_chmret_leafoff,0,overall,2,3,ridge,6.130680048954673e-06
nwiextra_chmret_leafoff,0,overall,3,4,shoulder,4.272855221643113e-06
nwiextra_chmret_leafoff,0,overall,4,5,spur,6.1778091549058445e-06
nwiextra_chmret_leafoff,0,overall,5,6,slope,1.6872767446329817e-05
nwiextra_chmret_leafoff,0,overall,6,7,hollow,7.27371798348031e-06
nwiextra_chmret_leafoff,0,overall,7,8,footslope,1.6527344996575266e-05
nwiextra_chmret_leafoff,0,overall,8,9,valley,1.8196122255176306e-05
nwiextra_chmret_leafoff,0,overall,9,10,pit,5.208675702306209e-06
nwiextra_chmret_leafoff,1,EMW,0,1,flat,3.142574132652953e-05
nwiextra_chmret_leafoff,1,EMW,1,2,peak,2.97247265734768e-06
nwiextra_chmret_leafoff,1,EMW,2,3,ridge,9.481807865086012e-06
nwiextra_chmret_leafoff,1,EMW,3,4,shoulder,7.669499609619379e-06
nwiextra_chmret_leafoff,1,EMW,4,5,spur,9.46432919590734e-06
nwiextra_chmret_leafoff,1,EMW,5,6,slope,2.5297213142039254e-05
nwiextra_chmret_leafoff,1,EMW,6,7,hollow,9.904666512738913e-06
nwiextra_chmret_leafoff,1,EMW,7,8,footslope,1.9332888768985868e-05
nwiextra_chmret_leafoff,1,EMW,8,9,valley,1.7710950487526134e-05
nwiextra_chmret_leafoff,1,EMW,9,10,pit,4.216880824969849e-06
nwiextra_chmret_leafoff,1,FSW,0,1,flat,3.990322147728875e-05
nwiextra_chmret_leafoff,1,FSW,1,2,peak,6.383396794262808e-06
nwiextra_chmret_leafoff,1,FSW,2,3,ridge,1.281615550396964e-05
nwiextra_chmret_leafoff,1,FSW,3,4,shoulder,1.2075246559106745e-05
nwiextra_chmret_leafoff,1,FSW,4,5,spur,1.448884722776711e-05
nwiextra_chmret_leafoff,1,FSW,5,6,slope,3.825294697890058e-05
nwiextra_chmret_leafoff,1,FSW,6,7,hollow,1.4444374755839817e-05
nwiextra_chmret_leafoff,1,FSW,7,8,footslope,2.2762806111131795e-05
nwiextra_chmret_leafoff,1,FSW,8,9,valley,1.992971374420449e-05
nwiextra_chmret_leafoff,1,FSW,9,10,pit,5.2049972509848885e-06
nwiextra_chmret_leafoff,1,SSW,0,1,flat,2.676727672223933e-05
nwiextra_chmret_leafoff,1,SSW,1,2,peak,4.053249540447723e-06
nwiextra_chmret_leafoff,1,SSW,2,3,ridge,8.143450031639077e-06
nwiextra_chmret_leafoff,1,SSW,3,4,shoulder,7.4188051257806364e-06
nwiextra_chmret_leafoff,1,SSW,4,5,spur,1.0180765457334928e-05
nwiextra_chmret_leafoff,1,SSW,5,6,slope,2.629629489092622e-05
nwiextra_chmret_leafoff,1,SSW,6,7,hollow,1.0492824912944343e-05
nwiextra_chmret_leafoff,1,SSW,7,8,footslope,1.5585232176817954e-05
nwiextra_chmret_leafoff,1,SSW,8,9,valley,1.7406826373189688e-05
nwiextra_chmret_leafoff,1,SSW,9,10,pit,4.235865617374657e-06
nwiextra_chmret_leafoff,1,UPL,0,1,flat,3.2707823265809566e-05
nwiextra_chmret_leafoff,1,UPL,1,2,peak,5.225772383710137e-06
nwiextra_chmret_leafoff,1,UPL,2,3,ridge,9.797538041311782e-06
nwiextra_chmret_leafoff,1,UPL,3,4,shoulder,9.137535016634502e-06
nwiextra_chmret_leafoff,1,UPL,4,5,spur,1.263913327420596e-05
nwiextra_chmret_leafoff,1,UPL,5,6,slope,3.406475661904551e-05
nwiextra_chmret_leafoff,1,UPL,6,7,hollow,1.2353511920082383e-05
nwiextra_chmret_leafoff,1,UPL,7,8,footslope,1.9336581317475066e-05
nwiextra_chmret_leafoff,1,UPL,8,9,valley,2.2067300960770808e-05
nwiextra_chmret_leafoff,1,UPL,9,10,pit,5.846069143444765e-06
nwiextra_chmret_leafoff,1,overall,0,1,flat,3.270101296948269e-05
nwiextra_chmret_leafoff,1,overall,1,2,peak,4.658722900785506e-06
nwiextra_chmret_leafoff,1,overall,2,3,ridge,1.0059738087875303e-05
nwiextra_chmret_leafoff,1,overall,3,4,shoulder,9.075271009351127e-06
nwiextra_chmret_leafoff,1,overall,4,5,spur,1.1693267879309133e-05
nwiextra_chmret_leafoff,1,overall,5,6,slope,3.0977804271969944e-05
nwiextra_chmret_leafoff,1,overall,6,7,hollow,1.1798843843280338e-05
nwiextra_chmret_leafoff,1,overall,7,8,footslope,1.925437754835002e-05
nwiextra_chmret_leafoff,1,overall,8,9,valley,1.927869743667543e-05
nwiextra_chmret_leafoff,1,overall,9,10,pit,4.875952981819864e-06
nwiextra_chmret_leafoff,2,EMW,0,1,flat,3.2290325179928914e-05
nwiextra_chmret_leafoff,2,EMW,1,2,peak,2.1026621652708855e-06
nwiextra_chmret_leafoff,2,EMW,2,3,ridge,7.610929515067255e-06
nwiextra_chmret_leafoff,2,EMW,3,4,shoulder,6.364910404954571e-06
nwiextra_chmret_leafoff,2,EMW,4,5,spur,8.281731425086036e-06
nwiextra_chmret_leafoff,2,EMW,5,6,slope,2.03754043468507e-05
nwiextra_chmret_leafoff,2,EMW,6,7,hollow,8.53063102113083e-06
nwiextra_chmret_leafoff,2,EMW,7,8,footslope,1.2925724149681628e-05
nwiextra_chmret_leafoff,2,EMW,8,9,valley,1.407779382134322e-05
nwiextra_chmret_leafoff,2,EMW,9,10,pit,3.558791604518774e-06
nwiextra_chmret_leafoff,2,FSW,0,1,flat,4.0811846702126786e-05
nwiextra_chmret_leafoff,2,FSW,1,2,peak,4.497079316934105e-06
nwiextra_chmret_leafoff,2,FSW,2,3,ridge,1.4706058209412731e-05
nwiextra_chmret_leafoff,2,FSW,3,4,shoulder,1.0205619219050277e-05
nwiextra_chmret_leafoff,2,FSW,4,5,spur,1.6552341548958793e-05
nwiextra_chmret_leafoff,2,FSW,5,6,slope,4.032313881907612e-05
nwiextra_chmret_leafoff,2,FSW,6,7,hollow,1.9152335880789906e-05
nwiextra_chmret_leafoff,2,FSW,7,8,footslope,1.7138732800958678e-05
nwiextra_chmret_leafoff,2,FSW,8,9,valley,2.230597056041006e-05
nwiextra_chmret_leafoff,2,FSW,9,10,pit,5.700051133317174e-06
nwiextra_chmret_leafoff,2,SSW,0,1,flat,2.1764692064607516e-05
nwiextra_chmret_leafoff,2,SSW,1,2,peak,1.6161995972652221e-06
nwiextra_chmret_leafoff,2,SSW,2,3,ridge,5.877036528545432e-06
nwiextra_chmret_leafoff,2,SSW,3,4,shoulder,3.5858181490766583e-06
nwiextra_chmret_leafoff,2,SSW,4,5,spur,6.57527652947465e-06
nwiextra_chmret_leafoff,2,SSW,5,6,slope,1.441470521967858e-05
nwiextra_chmret_leafoff,2,SSW,6,7,hollow,6.7798246163874865e-06
nwiextra_chmret_leafoff,2,SSW,7,8,footslope,1.3125543773639947e-05
nwiextra_chmret_leafoff,2,SSW,8,9,valley,1.2047372365486808e-05
nwiextra_chmret_leafoff,2,SSW,9,10,pit,2.6453642476553796e-06
nwiextra_chmret_leafoff,2,UPL,0,1,flat,2.6540215912973508e-05
nwiextra_chmret_leafoff,2,UPL,1,2,peak,2.8774634301953483e-06
nwiextra_chmret_leafoff,2,UPL,2,3,ridge,1.0027159078163095e-05
nwiextra_chmret_leafoff,2,UPL,3,4,shoulder,6.144599410617957e-06
nwiextra_chmret_leafoff,2,UPL,4,5,spur,1.2697519196080975e-05
nwiextra_chmret_leafoff,2,UPL,5,6,slope,2.9193291993578896e-05
nwiextra_chmret_leafoff,2,UPL,6,7,hollow,1.3369404769036919e-05
nwiextra_chmret_leafoff,2,UPL,7,8,footslope,1.3419747119769454e-05
nwiextra_chmret_leafoff,2,UPL,8,9,valley,1.734676698106341e-05
nwiextra_chmret_leafoff,2,UPL,9,10,pit,4.2593055695760995e-06
nwiextra_chmret_leafoff,2,overall,0,1,flat,3.035176996490918e-05
nwiextra_chmret_leafoff,2,overall,1,2,peak,2.773351297946647e-06
nwiextra_chmret_leafoff,2,overall,2,3,ridge,9.555295946483966e-06
nwiextra_chmret_leafoff,2,overall,3,4,shoulder,6.5752365117077716e-06
nwiextra_chmret_leafoff,2,overall,4,5,spur,1.1026717402273789e-05
nwiextra_chmret_leafoff,2,overall,5,6,slope,2.6076635549543425e-05
nwiextra_chmret_leafoff,2,overall,6,7,hollow,1.1958049071836285e-05
nwiextra_chmret_leafoff,2,overall,7,8,footslope,1.4152436961012427e-05
nwiextra_chmret_leafoff,2,overall,8,9,valley,1.6444475477328524e-05
nwiextra_chmret_leafoff,2,overall,9,10,pit,4.040878138766857e-06
nwiextra_chmret_leafoff,3,EMW,0,1,flat,1.5614123185514472e-05
nwiextra_chmret_leafoff,3,EMW,1,2,peak,9.485541454523627e-07
nwiextra_chmret_leafoff,3,EMW,2,3,ridge,7.606234248669352e-06
nwiextra_chmret_leafoff,3,EMW,3,4,shoulder,6.183103778312216e-06
nwiextra_chmret_leafoff,3,EMW,4,5,spur,9.859915735432878e-06
nwiextra_chmret_leafoff,3,EMW,5,6,slope,2.3573802536702715e-05
nwiextra_chmret_leafoff,3,EMW,6,7,hollow,1.2589489415404387e-05
nwiextra_chmret_leafoff,3,EMW,7,8,footslope,1.1673697372316383e-05
nwiextra_chmret_leafoff,3,EMW,8,9,valley,1.6051597413024865e-05
nwiextra_chmret_leafoff,3,EMW,9,10,pit,3.754012595891254e-06
nwiextra_chmret_leafoff,3,FSW,0,1,flat,2.5255209038732573e-05
nwiextra_chmret_leafoff,3,FSW,1,2,peak,1.6511078229086706e-06
nwiextra_chmret_leafoff,3,FSW,2,3,ridge,1.3882806342735421e-05
nwiextra_chmret_leafoff,3,FSW,3,4,shoulder,1.3382350516621955e-05
nwiextra_chmret_leafoff,3,FSW,4,5,spur,1.4512220332107972e-05
nwiextra_chmret_leafoff,3,FSW,5,6,slope,4.266383621143177e-05
nwiextra_chmret_leafoff,3,FSW,6,7,hollow,2.5140552679658867e-05
nwiextra_chmret_leafoff,3,FSW,7,8,footslope,1.772985706338659e-05
nwiextra_chmret_leafoff,3,FSW,8,9,valley,2.6189294658252038e-05
nwiextra_chmret_leafoff,3,FSW,9,10,pit,7.89078330853954e-06
nwiextra_chmret_leafoff,3,SSW,0,1,flat,1.7113805370172486e-05
nwiextra_chmret_leafoff,3,SSW,1,2,peak,8.723171163182997e-07
nwiextra_chmret_leafoff,3,SSW,2,3,ridge,7.314657523238566e-06
nwiextra_chmret_leafoff,3,SSW,3,4,shoulder,7.0183609750529286e-06
nwiextra_chmret_leafoff,3,SSW,4,5,spur,7.994412044354249e-06
nwiextra_chmret_leafoff,3,SSW,5,6,slope,2.0906514691887423e-05
nwiextra_chmret_leafoff,3,SSW,6,7,hollow,1.2130519280617591e-05
nwiextra_chmret_leafoff,3,SSW,7,8,footslope,1.1504513167892583e-05
nwiextra_chmret_leafoff,3,SSW,8,9,valley,1.5853445802349597e-05
nwiextra_chmret_leafoff,3,SSW,9,10,pit,4.304226422391366e-06
nwiextra_chmret_leafoff,3,UPL,0,1,flat,2.809736179187894e-05
nwiextra_chmret_leafoff,3,UPL,1,2,peak,1.7340635167784058e-06
nwiextra_chmret_leafoff,3,UPL,2,3,ridge,1.4741303857590538e-05
nwiextra_chmret_leafoff,3,UPL,3,4,shoulder,1.8175278455601074e-05
nwiextra_chmret_leafoff,3,UPL,4,5,spur,1.663063812884502e-05
nwiextra_chmret_leafoff,3,UPL,5,6,slope,4.703248851001263e-05
nwiextra_chmret_leafoff,3,UPL,6,7,hollow,2.685455183382146e-05
nwiextra_chmret_leafoff,3,UPL,7,8,footslope,2.0864172256551683e-05
nwiextra_chmret_leafoff,3,UPL,8,9,valley,2.9045539122307673e-05
nwiextra_chmret_leafoff,3,UPL,9,10,pit,8.941722626332194e-06
nwiextra_chmret_leafoff,3,overall,0,1,flat,2.152012530132197e-05
nwiextra_chmret_leafoff,3,overall,1,2,peak,1.3015105650993064e-06
nwiextra_chmret_leafoff,3,overall,2,3,ridge,1.0886250493058469e-05
nwiextra_chmret_leafoff,3,overall,3,4,shoulder,1.1189773431397043e-05
nwiextra_chmret_leafoff,3,overall,4,5,spur,1.224929656018503e-05
nwiextra_chmret_leafoff,3,overall,5,6,slope,3.354416185175069e-05
nwiextra_chmret_leafoff,3,overall,6,7,hollow,1.9178778529749252e-05
nwiextra_chmret_leafoff,3,overall,7,8,footslope,1.544305996503681e-05
nwiextra_chmret_leafoff,3,overall,8,9,valley,2.1784970158478245e-05
nwiextra_chmret_leafoff,3,overall,9,10,pit,6.222686351975426e-06
nwiextra_chmret_leafoff,4,EMW,0,1,flat,1.879707633634098e-05
nwiextra_chmret_leafoff,4,EMW,1,2,peak,8.430038178630639e-07
nwiextra_chmret_leafoff,4,EMW,2,3,ridge,6.045708232704783e-06
nwiextra_chmret_leafoff,4,EMW,3,4,shoulder,4.682600774685852e-06
nwiextra_chmret_leafoff,4,EMW,4,5,spur,6.724221748299897e-06
nwiextra_chmret_leafoff,4,EMW,5,6,slope,1.7715005014906637e-05
nwiextra_chmret_leafoff,4,EMW,6,7,hollow,7.037579052848741e-06
nwiextra_chmret_leafoff,4,EMW,7,8,footslope,1.52062075358117e-05
nwiextra_chmret_leafoff,4,EMW,8,9,valley,1.2543860066216439e-05
nwiextra_chmret_leafoff,4,EMW,9,10,pit,2.524426008676528e-06
nwiextra_chmret_leafoff,4,FSW,0,1,flat,1.8468046619091183e-05
nwiextra_chmret_leafoff,4,FSW,1,2,peak,9.215704039888806e-07
nwiextra_chmret_leafoff,4,FSW,2,3,ridge,6.358826794894412e-06
nwiextra_chmret_leafoff,4,FSW,3,4,shoulder,4.546556738205254e-06
nwiextra_chmret_leafoff,4,FSW,4,5,spur,7.0127816798049025e-06
nwiextra_chmret_leafoff,4,FSW,5,6,slope,2.7006681193597615e-05
nwiextra_chmret_leafoff,4,FSW,6,7,hollow,7.330322659981903e-06
nwiextra_chmret_leafoff,4,FSW,7,8,footslope,1.631425038794987e-05
nwiextra_chmret_leafoff,4,FSW,8,9,valley,1.6816269635455683e-05
nwiextra_chmret_leafoff,4,FSW,9,10,pit,3.8695761759299785e-06
nwiextra_chmret_leafoff,4,SSW,0,1,flat,1.886082100099884e-05
nwiextra_chmret_leafoff,4,SSW,1,2,peak,1.1526633443281753e-06
nwiextra_chmret_leafoff,4,SSW,2,3,ridge,7.298446689674165e-06
nwiextra_chmret_leafoff,4,SSW,3,4,shoulder,5.8254613577446435e-06
nwiextra_chmret_leafoff,4,SSW,4,5,spur,8.344910384039395e-06
nwiextra_chmret_leafoff,4,SSW,5,6,slope,2.518964720366057e-05
nwiextra_chmret_leafoff,4,SSW,6,7,hollow,9.02266583580058e-06
nwiextra_chmret_leafoff,4,SSW,7,8,footslope,2.267925810883753e-05
nwiextra_chmret_leafoff,4,SSW,8,9,valley,1.924917523865588e-05
nwiextra_chmret_leafoff,4,SSW,9,10,pit,4.294913651392562e-06
nwiextra_chmret_leafoff,4,UPL,0,1,flat,2.298430263181217e-05
nwiextra_chmret_leafoff,4,UPL,1,2,peak,1.1008502269760356e-06
nwiextra_chmret_leafoff,4,UPL,2,3,ridge,7.294821443792898e-06
nwiextra_chmret_leafoff,4,UPL,3,4,shoulder,6.023216883477289e-06
nwiextra_chmret_leafoff,4,UPL,4,5,spur,8.970665476226714e-06
nwiextra_chmret_leafoff,4,UPL,5,6,slope,2.825629781000316e-05
nwiextra_chmret_leafoff,4,UPL,6,7,hollow,9.13319399842294e-06
nwiextra_chmret_leafoff,4,UPL,7,8,footslope,2.128511005139444e-05
nwiextra_chmret_leafoff,4,UPL,8,9,valley,1.9101738871540874e-05
nwiextra_chmret_leafoff,4,UPL,9,10,pit,4.255758994986536e-06
nwiextra_chmret_leafoff,4,overall,0,1,flat,1.9777562556555495e-05
nwiextra_chmret_leafoff,4,overall,1,2,peak,1.00452189144562e-06
nwiextra_chmret_leafoff,4,overall,2,3,ridge,6.749450221832376e-06
nwiextra_chmret_leafoff,4,overall,3,4,shoulder,5.269458597467747e-06
nwiextra_chmret_leafoff,4,overall,4,5,spur,7.763144822092727e-06
nwiextra_chmret_leafoff,4,overall,5,6,slope,2.4541908715036698e-05
nwiextra_chmret_leafoff,4,overall,6,7,hollow,8.13093993201619e-06
nwiextra_chmret_leafoff,4,overall,7,8,footslope,1.8871207430493087e-05
nwiextra_chmret_leafoff,4,overall,8,9,valley,1.692776095296722e-05
nwiextra_chmret_leafoff,4,overall,9,10,pit,3.73616876458982e-06
nwifield_chmret_leafoff,0,EMW,0,1,flat,2.4513836251571774e-05
nwifield_chmret_leafoff,0,EMW,1,2,peak,1.1209133390366333e-06
nwifield_chmret_leafoff,0,EMW,2,3,ridge,6.3536945162923075e-06
nwifield_chmret_leafoff,0,EMW,3,4,shoulder,6.725839739374351e-06
nwifield_chmret_leafoff,0,EMW,4,5,spur,6.198041774041485e-06
nwifield_chmret_leafoff,0,EMW,5,6,slope,1.9557408450054936e-05
nwifield_chmret_leafoff,0,EMW,6,7,hollow,7.114233994798269e-06
nwifield_chmret_leafoff,0,EMW,7,8,footslope,1.3791935998597182e-05
nwifield_chmret_leafoff,0,EMW,8,9,valley,1.2590785445354413e-05
nwifield_chmret_leafoff,0,EMW,9,10,pit,2.7220567062613554e-06
nwifield_chmret_leafoff,0,FSW,0,1,flat,3.390174242667854e-05
nwifield_chmret_leafoff,0,FSW,1,2,peak,1.616400595594314e-06
nwifield_chmret_leafoff,0,FSW,2,3,ridge,9.57260635914281e-06
nwifield_chmret_leafoff,0,FSW,3,4,shoulder,1.0833457963599358e-05
nwifield_chmret_leafoff,0,FSW,4,5,spur,9.488064279139508e-06
nwifield_chmret_leafoff,0,FSW,5,6,slope,2.7036561732529663e-05
nwifield_chmret_leafoff,0,FSW,6,7,hollow,1.1444930350990035e-05
nwifield_chmret_leafoff,0,FSW,7,8,footslope,1.9810362573480234e-05
nwifield_chmret_leafoff,0,FSW,8,9,valley,2.2630238163401373e-05
nwifield_chmret_leafoff,0,FSW,9,10,pit,5.6742001106613316e-06
nwifield_chmret_leafoff,0,SSW,0,1,flat,2.634506017784588e-05
nwifield_chmret_leafoff,0,SSW,1,2,peak,1.1801770369856968e-06
nwifield_chmret_leafoff,0,SSW,2,3,ridge,7.771332093398087e-06
nwifield_chmret_leafoff,0,SSW,3,4,shoulder,6.3014167608344e-06
nwifield_chmret_leafoff,0,SSW,4,5,spur,8.745145350985695e-06
nwifield_chmret_leafoff,0,SSW,5,6,slope,2.132028566848021e-05
nwifield_chmret_leafoff,0,SSW,6,7,hollow,8.597377018304542e-06
nwifield_chmret_leafoff,0,SSW,7,8,footslope,1.3617526747111697e-05
nwifield_chmret_leafoff,0,SSW,8,9,valley,1.2618365872185677e-05
nwifield_chmret_leafoff,0,SSW,9,10,pit,4.024932422908023e-06
nwifield_chmret_leafoff,0,UPL,0,1,flat,4.3445696064736694e-05
nwifield_chmret_leafoff,0,UPL,1,2,peak,2.0072043298569042e-06
nwifield_chmret_leafoff,0,UPL,2,3,ridge,1.3372080502449535e-05
nwifield_chmret_leafoff,0,UPL,3,4,shoulder,1.3633269190904684e-05
nwifield_chmret_leafoff,0,UPL,4,5,spur,1.5460305803571828e-05
nwifield_chmret_leafoff,0,UPL,5,6,slope,4.0708549931878224e-05
nwifield_chmret_leafoff,0,UPL,6,7,hollow,1.5148592865443788e-05
nwifield_chmret_leafoff,0,UPL,7,8,footslope,2.4576918804086745e-05
nwifield_chmret_leafoff,0,UPL,8,9,valley,2.6841016733669676e-05
nwifield_chmret_leafoff,0,UPL,9,10,pit,8.691029506735504e-06
nwifield_chmret_leafoff,0,overall,0,1,flat,3.205158282071352e-05
nwifield_chmret_leafoff,0,overall,1,2,peak,1.4811738537900965e-06
nwifield_chmret_leafoff,0,overall,2,3,ridge,9.26742814044701e-06
nwifield_chmret_leafoff,0,overall,3,4,shoulder,9.373496141051874e-06
nwifield_chmret_leafoff,0,overall,4,5,spur,9.972889529308304e-06
nwifield_chmret_leafoff,0,overall,5,6,slope,2.7155700081493706e-05
nwifield_chmret_leafoff,0,overall,6,7,hollow,1.0576282875263132e-05
nwifield_chmret_leafoff,0,overall,7,8,footslope,1.794918716768734e-05
nwifield_chmret_leafoff,0,overall,8,9,valley,1.867010178102646e-05
nwifield_chmret_leafoff,0,overall,9,10,pit,5.278054686641553e-06
nwifield_chmret_leafoff,1,EMW,0,1,flat,2.5406208806089126e-05
nwifield_chmret_leafoff,1,EMW,1,2,peak,2.531964810259524e-06
nwifield_chmret_leafoff,1,EMW,2,3,ridge,8.467288353131153e-06
nwifield_chmret_leafoff,1,EMW,3,4,shoulder,6.586364179383963e-06
nwifield_chmret_leafoff,1,EMW,4,5,spur,9.140096153714694e-06
nwifield_chmret_leafoff,1,EMW,5,6,slope,2.015149948420003e-05
nwifield_chmret_leafoff,1,EMW,6,7,hollow,7.862315214879345e-06
nwifield_chmret_leafoff,1,EMW,7,8,footslope,1.3887493878428359e-05
nwifield_chmret_leafoff,1,EMW,8,9,valley,1.461971078242641e-05
nwifield_chmret_leafoff,1,EMW,9,10,pit,3.74525370716583e-06
nwifield_chmret_leafoff,1,FSW,0,1,flat,3.459905201452784e-05
nwifield_chmret_leafoff,1,FSW,1,2,peak,5.406103809946217e-06
nwifield_chmret_leafoff,1,FSW,2,3,ridge,1.5375826478702947e-05
nwifield_chmret_leafoff,1,FSW,3,4,shoulder,1.0353774996474385e-05
nwifield_chmret_leafoff,1,FSW,4,5,spur,1.5304385669878684e-05
nwifield_chmret_leafoff,1,FSW,5,6,slope,3.999354885309003e-05
nwifield_chmret_leafoff,1,FSW,6,7,hollow,1.3870840120944194e-05
nwifield_chmret_leafoff,1,FSW,7,8,footslope,2.0065668650204316e-05
nwifield_chmret_leafoff,1,FSW,8,9,valley,2.1804295101901516e-05
nwifield_chmret_leafoff,1,FSW,9,10,pit,5.735368631576421e-06
nwifield_chmret_leafoff,1,SSW,0,1,flat,2.1840070985490456e-05
nwifield_chmret_leafoff,1,SSW,1,2,peak,2.835840859916061e-06
nwifield_chmret_leafoff,1,SSW,2,3,ridge,5.8359310060041025e-06
nwifield_chmret_leafoff,1,SSW,3,4,shoulder,5.423024958872702e-06
nwifield_chmret_leafoff,1,SSW,4,5,spur,8.83693246578332e-06
nwifield_chmret_leafoff,1,SSW,5,6,slope,1.462126510887174e-05
nwifield_chmret_leafoff,1,SSW,6,7,hollow,6.32556839263998e-06
nwifield_chmret_leafoff,1,SSW,7,8,footslope,1.2571472325362265e-05
nwifield_chmret_leafoff,1,SSW,8,9,valley,1.5093576621438842e-05
nwifield_chmret_leafoff,1,SSW,9,10,pit,3.7147026432649e-06
nwifield_chmret_leafoff,1,UPL,0,1,flat,2.8037698939442635e-05
nwifield_chmret_leafoff,1,UPL,1,2,peak,3.7599747884087265e-06
nwifield_chmret_leafoff,1,UPL,2,3,ridge,7.664853001188021e-06
nwifield_chmret_leafoff,1,UPL,3,4,shoulder,7.0636974669469055e-06
nwifield_chmret_leafoff,1,UPL,4,5,spur,1.1771198842325248e-05
nwifield_chmret_leafoff,1,UPL,5,6,slope,2.1121848476468585e-05
nwifield_chmret_leafoff,1,UPL,6,7,hollow,8.436002644884866e-06
nwifield_chmret_leafoff,1,UPL,7,8,footslope,1.5980296666384675e-05
nwifield_chmret_leafoff,1,UPL,8,9,valley,1.9753457308979705e-05
nwifield_chmret_leafoff,1,UPL,9,10,pit,5.042351403972134e-06
nwifield_chmret_leafoff,1,overall,0,1,flat,2.7470756322145462e-05
nwifield_chmret_leafoff,1,overall,1,2,peak,3.633471123976051e-06
nwifield_chmret_leafoff,1,overall,2,3,ridge,9.335974937130231e-06
nwifield_chmret_leafoff,1,overall,3,4,shoulder,7.356715741480002e-06
nwifield_chmret_leafoff,1,overall,4,5,spur,1.1263153282925487e-05
nwifield_chmret_leafoff,1,overall,5,6,slope,2.3972041162778623e-05
nwifield_chmret_leafoff,1,overall,6,7,hollow,9.123681593337096e-06
nwifield_chmret_leafoff,1,overall,7,8,footslope,1.5626232197973877e-05
nwifield_chmret_leafoff,1,overall,8,9,valley,1.7817759726312943e-05
nwifield_chmret_leafoff,1,overall,9,10,pit,4.559418812277727e-06
nwifield_chmret_leafoff,2,EMW,0,1,flat,2.513589060981758e-05
nwifield_chmret_leafoff,2,EMW,1,2,peak,1.5687692211940885e-06
nwifield_chmret_leafoff,2,EMW,2,3,ridge,5.7346328503626864e-06
nwifield_chmret_leafoff,2,EMW,3,4,shoulder,5.666059223585762e-06
nwifield_chmret_leafoff,2,EMW,4,5,spur,6.355915502354037e-06
nwifield_chmret_leafoff,2,EMW,5,6,slope,1.7430644220439717e-05
nwifield_chmret_leafoff,2,EMW,6,7,hollow,6.25979828328127e-06
nwifield_chmret_leafoff,2,EMW,7,8,footslope,1.0336329069104977e-05
nwifield_chmret_leafoff,2,EMW,8,9,valley,1.1515190635691397e-05
nwifield_chmret_leafoff,2,EMW,9,10,pit,2.2088690911914455e-06
nwifield_chmret_leafoff,2,FSW,0,1,flat,3.338132955832407e-05
nwifield_chmret_leafoff,2,FSW,1,2,peak,3.459937488514697e-06
nwifield_chmret_leafoff,2,FSW,2,3,ridge,1.4314391592051834e-05
nwifield_chmret_leafoff,2,FSW,3,4,shoulder,9.785069778445177e-06
nwifield_chmret_leafoff,2,FSW,4,5,spur,1.753707510943059e-05
nwifield_chmret_leafoff,2,FSW,5,6,slope,3.9845253922976553e-05
nwifield_chmret_leafoff,2,FSW,6,7,hollow,1.450904346711468e-05
nwifield_chmret_leafoff,2,FSW,7,8,footslope,1.6086249161162414e-05
nwifield_chmret_leafoff,2,FSW,8,9,valley,2.492631392669864e-05
nwifield_chmret_leafoff,2,FSW,9,10,pit,5.193709512241185e-06
nwifield_chmret_leafoff,2,SSW,0,1,flat,2.322118052688893e-05
nwifield_chmret_leafoff,2,SSW,1,2,peak,1.6041592516558012e-06
nwifield_chmret_leafoff,2,SSW,2,3,ridge,7.706308679189533e-06
nwifield_chmret_leafoff,2,SSW,3,4,shoulder,5.4567435654462315e-06
nwifield_chmret_leafoff,2,SSW,4,5,spur,8.348030860361177e-06
nwifield_chmret_leafoff,2,SSW,5,6,slope,1.823826642066706e-05
nwifield_chmret_leafoff,2,SSW,6,7,hollow,7.160170298448065e-06
nwifield_chmret_leafoff,2,SSW,7,8,footslope,1.2008114936179481e-05
nwifield_chmret_leafoff,2,SSW,8,9,valley,1.3334987670532428e-05
nwifield_chmret_leafoff,2,SSW,9,10,pit,2.4453047444694676e-06
nwifield_chmret_leafoff,2,UPL,0,1,flat,3.493228359729983e-05
nwifield_chmret_leafoff,2,UPL,1,2,peak,3.015578613485559e-06
nwifield_chmret_leafoff,2,UPL,2,3,ridge,1.3890016816731077e-05
nwifield_chmret_leafoff,2,UPL,3,4,shoulder,9.495594895270187e-06
nwifield_chmret_leafoff,2,UPL,4,5,spur,1.6421587133663706e-05
nwifield_chmret_leafoff,2,UPL,5,6,slope,3.642400406533852e-05
nwifield_chmret_leafoff,2,UPL,6,7,hollow,1.2989838069188409e-05
nwifield_chmret_leafoff,2,UPL,7,8,footslope,1.7363707229378633e-05
nwifield_chmret_leafoff,2,UPL,8,9,valley,2.2622822143603116e-05
nwifield_chmret_leafoff,2,UPL,9,10,pit,4.381107828521635e-06
nwifield_chmret_leafoff,2,overall,0,1,flat,2.916766970884055e-05
nwifield_chmret_leafoff,2,overall,1,2,peak,2.4121111437125364e-06
nwifield_chmret_leafoff,2,overall,2,3,ridge,1.0411337825644296e-05
nwifield_chmret_leafoff,2,overall,3,4,shoulder,7.6008664109394886e-06
nwifield_chmret_leafoff,2,overall,4,5,spur,1.2165652151452377e-05
nwifield_chmret_leafoff,2,overall,5,6,slope,2.7984542612102814e-05
nwifield_chmret_leafoff,2,overall,6,7,hollow,1.0229712643194944e-05
nwifield_chmret_leafoff,2,overall,7,8,footslope,1.3948600098956376e-05
nwifield_chmret_leafoff,2,overall,8,9,valley,1.8099828594131395e-05
nwifield_chmret_leafoff,2,overall,9,10,pit,3.5572477372625144e-06
nwifield_chmret_leafoff,3,EMW,0,1,flat,2.7482941732159816e-05
nwifield_chmret_leafoff,3,EMW,1,2,peak,2.0373950064822566e-06
nwifield_chmret_leafoff,3,EMW,2,3,ridge,1.4071612895349972e-05
nwifield_chmret_leafoff,3,EMW,3,4,shoulder,1.2615148079930805e-05
nwifield_chmret_leafoff,3,EMW,4,5,spur,1.63683362188749e-05
nwifield_chmret_leafoff,3,EMW,5,6,slope,3.9444039430236444e-05
nwifield_chmret_leafoff,3,EMW,6,7,hollow,2.0463052351260558e-05
nwifield_chmret_leafoff,3,EMW,7,8,footslope,2.089640111080371e-05
nwifield_chmret_leafoff,3,EMW,8,9,valley,3.075204585911706e-05
nwifield_chmret_leafoff,3,EMW,9,10,pit,7.956125955388416e-06
nwifield_chmret_leafoff,3,FSW,0,1,flat,3.591870699892752e-05
nwifield_chmret_leafoff,3,FSW,1,2,peak,3.0446963137364946e-06
nwifield_chmret_leafoff,3,FSW,2,3,ridge,2.2654472559224814e-05
nwifield_chmret_leafoff,3,FSW,3,4,shoulder,1.7854355974122882e-05
nwifield_chmret_leafoff,3,FSW,4,5,spur,2.5248455131077208e-05
nwifield_chmret_leafoff,3,FSW,5,6,slope,6.017711712047458e-05
nwifield_chmret_leafoff,3,FSW,6,7,hollow,2.837588544934988e-05
nwifield_chmret_leafoff,3,FSW,7,8,footslope,2.8771490178769454e-05
nwifield_chmret_leafoff,3,FSW,8,9,valley,4.0411345253232867e-05
nwifield_chmret_leafoff,3,FSW,9,10,pit,1.0548506907070987e-05
nwifield_chmret_leafoff,3,SSW,0,1,flat,3.226947956136428e-05
nwifield_chmret_leafoff,3,SSW,1,2,peak,2.3051127300277585e-06
nwifield_chmret_leafoff,3,SSW,2,3,ridge,1.5292855096049607e-05
nwifield_chmret_leafoff,3,SSW,3,4,shoulder,1.3957372175354976e-05
nwifield_chmret_leafoff,3,SSW,4,5,spur,1.7059412130038254e-05
nwifield_chmret_leafoff,3,SSW,5,6,slope,4.148632433498278e-05
nwifield_chmret_leafoff,3,SSW,6,7,hollow,2.121652323694434e-05
nwifield_chmret_leafoff,3,SSW,7,8,footslope,2.1490091967280023e-05
nwifield_chmret_leafoff,3,SSW,8,9,valley,3.018833558598999e-05
nwifield_chmret_leafoff,3,SSW,9,10,pit,7.072608241287526e-06
nwifield_chmret_leafoff,3,UPL,0,1,flat,3.940784517908469e-05
nwifield_chmret_leafoff,3,UPL,1,2,peak,3.6103658658248605e-06
nwifield_chmret_leafoff,3,UPL,2,3,ridge,2.8965359888388775e-05
nwifield_chmret_leafoff,3,UPL,3,4,shoulder,2.5948578695533797e-05
nwifield_chmret_leafoff,3,UPL,4,5,spur,3.3459302358096465e-05
nwifield_chmret_leafoff,3,UPL,5,6,slope,7.60905459173955e-05
nwifield_chmret_leafoff,3,UPL,6,7,hollow,3.663919778773561e-05
nwifield_chmret_leafoff,3,UPL,7,8,footslope,3.0073602829361334e-05
nwifield_chmret_leafoff,3,UPL,8,9,valley,4.406935113365762e-05
nwifield_chmret_leafoff,3,UPL,9,10,pit,1.0722285878728144e-05
nwifield_chmret_leafoff,3,overall,0,1,flat,3.376974200364202e-05
nwifield_chmret_leafoff,3,overall,1,2,peak,2.7493924790178426e-06
nwifield_chmret_leafoff,3,overall,2,3,ridge,2.0246076019247994e-05
nwifield_chmret_leafoff,3,overall,3,4,shoulder,1.759386395860929e-05
nwifield_chmret_leafoff,3,overall,4,5,spur,2.303387736901641e-05
nwifield_chmret_leafoff,3,overall,5,6,slope,5.429950397228822e-05
nwifield_chmret_leafoff,3,overall,6,7,hollow,2.6673664251575246e-05
nwifield_chmret_leafoff,3,overall,7,8,footslope,2.5307897885795683e-05
nwifield_chmret_leafoff,3,overall,8,9,valley,3.635526809375733e-05
nwifield_chmret_leafoff,3,overall,9,10,pit,9.074881745618768e-06
nwifield_chmret_leafoff,4,EMW,0,1,flat,2.6027197236544453e-05
nwifield_chmret_leafoff,4,EMW,1,2,peak,1.932380428115721e-06
nwifield_chmret_leafoff,4,EMW,2,3,ridge,9.820238119573332e-06
nwifield_chmret_leafoff,4,EMW,3,4,shoulder,8.29347573017003e-06
nwifield_chmret_leafoff,4,EMW,4,5,spur,9.691766535979696e-06
nwifield_chmret_leafoff,4,EMW,5,6,slope,2.584403773653321e-05
nwifield_chmret_leafoff,4,EMW,6,7,hollow,1.200872975459788e-05
nwifield_chmret_leafoff,4,EMW,7,8,footslope,2.1768528313259594e-05
nwifield_chmret_leafoff,4,EMW,8,9,valley,2.0863886675215326e-05
nwifield_chmret_leafoff,4,EMW,9,10,pit,5.784431778010912e-06
nwifield_chmret_leafoff,4,FSW,0,1,flat,3.211158764315769e-05
nwifield_chmret_leafoff,4,FSW,1,2,peak,3.4698502986429958e-06
nwifield_chmret_leafoff,4,FSW,2,3,ridge,1.9436474758549593e-05
nwifield_chmret_leafoff,4,FSW,3,4,shoulder,1.5816720406292006e-05
nwifield_chmret_leafoff,4,FSW,4,5,spur,1.6565423720749095e-05
nwifield_chmret_leafoff,4,FSW,5,6,slope,5.078894173493609e-05
nwifield_chmret_leafoff,4,FSW,6,7,hollow,2.068548019451555e-05
nwifield_chmret_leafoff,4,FSW,7,8,footslope,3.1655716156819835e-05
nwifield_chmret_leafoff,4,FSW,8,9,valley,3.235317490180023e-05
nwifield_chmret_leafoff,4,FSW,9,10,pit,9.153833161690272e-06
nwifield_chmret_leafoff,4,SSW,0,1,flat,2.8015167117700912e-05
nwifield_chmret_leafoff,4,SSW,1,2,peak,2.3486097688873997e-06
nwifield_chmret_leafoff,4,SSW,2,3,ridge,1.2835708730563056e-05
nwifield_chmret_leafoff,4,SSW,3,4,shoulder,1.0885492883971892e-05
nwifield_chmret_leafoff,4,SSW,4,5,spur,1.329093356616795e-05
nwifield_chmret_leafoff,4,SSW,5,6,slope,3.3988733775913715e-05
nwifield_chmret_leafoff,4,SSW,6,7,hollow,1.5276869817171246e-05
nwifield_chmret_leafoff,4,SSW,7,8,footslope,2.4676899556652643e-05
nwifield_chmret_leafoff,4,SSW,8,9,valley,2.62649409705773e-05
nwifield_chmret_leafoff,4,SSW,9,10,pit,7.024736987659708e-06
nwifield_chmret_leafoff,4,UPL,0,1,flat,3.3489963243482634e-05
nwifield_chmret_leafoff,4,UPL,1,2,peak,2.8763415684807114e-06
nwifield_chmret_leafoff,4,UPL,2,3,ridge,1.5931542293401435e-05
nwifield_chmret_leafoff,4,UPL,3,4,shoulder,1.3790966477245092e-05
nwifield_chmret_leafoff,4,UPL,4,5,spur,1.5657749827369116e-05
nwifield_chmret_leafoff,4,UPL,5,6,slope,4.5661090553039685e-05
nwifield_chmret_leafoff,4,UPL,6,7,hollow,1.8935370462713763e-05
nwifield_chmret_leafoff,4,UPL,7,8,footslope,3.128169191768393e-05
nwifield_chmret_leafoff,4,UPL,8,9,valley,3.2607389584882185e-05
nwifield_chmret_leafoff,4,UPL,9,10,pit,8.40524626255501e-06
nwifield_chmret_leafoff,4,overall,0,1,flat,2.991097790072672e-05
nwifield_chmret_leafoff,4,overall,1,2,peak,2.656795459188288e-06
nwifield_chmret_leafoff,4,overall,2,3,ridge,1.450599120289553e-05
nwifield_chmret_leafoff,4,overall,3,4,shoulder,1.219666410179343e-05
nwifield_chmret_leafoff,4,overall,4,5,spur,1.3801469322061166e-05
nwifield_chmret_leafoff,4,overall,5,6,slope,3.907069913111627e-05
nwifield_chmret_leafoff,4,overall,6,7,hollow,1.6726611647754908e-05
nwifield_chmret_leafoff,4,overall,7,8,footslope,2.73457080766093e-05
nwifield_chmret_leafoff,4,overall,8,9,valley,2.8022346668876708e-05
nwifield_chmret_leafoff,4,overall,9,10,pit,7.592062047478976e-06
