config,seed,class,channel_index,geomorphon_value,geomorphon_form,mean_abs_shap
fld_chmret_leafoff,0,EMW,0,1,flat,3.7016176065662876e-05
fld_chmret_leafoff,0,EMW,1,2,peak,1.7949174662135192e-06
fld_chmret_leafoff,0,EMW,2,3,ridge,9.104253877012525e-06
fld_chmret_leafoff,0,EMW,3,4,shoulder,1.0400102837593295e-05
fld_chmret_leafoff,0,EMW,4,5,spur,1.1656696187856141e-05
fld_chmret_leafoff,0,EMW,5,6,slope,3.5140637919539586e-05
fld_chmret_leafoff,0,EMW,6,7,hollow,1.1609552529989742e-05
fld_chmret_leafoff,0,EMW,7,8,footslope,2.1222000214038417e-05
fld_chmret_leafoff,0,EMW,8,9,valley,2.018265877268277e-05
fld_chmret_leafoff,0,EMW,9,10,pit,5.625720859825378e-06
fld_chmret_leafoff,0,FSW,0,1,flat,4.290699143894017e-05
fld_chmret_leafoff,0,FSW,1,2,peak,1.913633241201751e-06
fld_chmret_leafoff,0,FSW,2,3,ridge,1.0321760782971978e-05
fld_chmret_leafoff,0,FSW,3,4,shoulder,1.1495347280288115e-05
fld_chmret_leafoff,0,FSW,4,5,spur,1.4475785064860247e-05
fld_chmret_leafoff,0,FSW,5,6,slope,4.128833097638562e-05
fld_chmret_leafoff,0,FSW,6,7,hollow,1.4963438843551558e-05
fld_chmret_leafoff,0,FSW,7,8,footslope,2.5972200091928244e-05
fld_chmret_leafoff,0,FSW,8,9,valley,2.7180616598343477e-05
fld_chmret_leafoff,0,FSW,9,10,pit,7.986641321622301e-06
fld_chmret_leafoff,0,SSW,0,1,flat,3.819370976998471e-05
fld_chmret_leafoff,0,SSW,1,2,peak,2.3282532310986426e-06
fld_chmret_leafoff,0,SSW,2,3,ridge,1.2249098290340044e-05
fld_chmret_leafoff,0,SSW,3,4,shoulder,1.183150743599981e-05
fld_chmret_leafoff,0,SSW,4,5,spur,1.2647181392821949e-05
fld_chmret_leafoff,0,SSW,5,6,slope,4.1097304347204044e-05
fld_chmret_leafoff,0,SSW,6,7,hollow,1.1594172974582762e-05
fld_chmret_leafoff,0,SSW,7,8,footslope,2.3670932932873257e-05
fld_chmret_leafoff,0,SSW,8,9,valley,1.9996154151158407e-05
fld_chmret_leafoff,0,SSW,9,10,pit,4.281223482394125e-06
fld_chmret_leafoff,0,UPL,0,1,flat,4.1494240576867014e-05
fld_chmret_leafoff,0,UPL,1,2,peak,3.3839664865809027e-06
fld_chmret_leafoff,0,UPL,2,3,ridge,1.5615813026670367e-05
fld_chmret_leafoff,0,UPL,3,4,shoulder,1.5377596355392598e-05
fld_chmret_leafoff,0,UPL,4,5,spur,1.4732479939993937e-05
fld_chmret_leafoff,0,UPL,5,6,slope,4.2997045966330916e-05
fld_chmret_leafoff,0,UPL,6,7,hollow,1.239311859535519e-05
fld_chmret_leafoff,0,UPL,7,8,footslope,2.522288923501037e-05
fld_chmret_leafoff,0,UPL,8,9,valley,2.6466374038136564e-05
fld_chmret_leafoff,0,UPL,9,10,pit,7.094060038070893e-06
fld_chmret_leafoff,0,overall,0,1,flat,3.990277764387429e-05
fld_chmret_leafoff,0,overall,1,2,peak,2.3551924641651567e-06
fld_chmret_leafoff,0,overall,2,3,ridge,1.1822730812127702e-05
fld_chmret_leafoff,0,overall,3,4,shoulder,1.2276139386813156e-05
fld_chmret_leafoff,0,overall,4,5,spur,1.3378035873756744e-05
fld_chmret_leafoff,0,overall,5,6,slope,4.013082798337564e-05
fld_chmret_leafoff,0,overall,6,7,hollow,1.2640070053748786e-05
fld_chmret_leafoff,0,overall,7,8,footslope,2.4022006982704625e-05
fld_chmret_leafoff,0,overall,8,9,valley,2.3456452254322357e-05
fld_chmret_leafoff,0,overall,9,10,pit,6.246911198104499e-06
fld_chmret_leafoff,1,EMW,0,1,flat,3.8631878851447254e-05
fld_chmret_leafoff,1,EMW,1,2,peak,1.5401012660731794e-06
fld_chmret_leafoff,1,EMW,2,3,ridge,6.933190888958052e-06
fld_chmret_leafoff,1,EMW,3,4,shoulder,5.45416742170346e-06
fld_chmret_leafoff,1,EMW,4,5,spur,6.831161044829059e-06
fld_chmret_leafoff,1,EMW,5,6,slope,2.236002364952583e-05
fld_chmret_leafoff,1,EMW,6,7,hollow,7.80087157181697e-06
fld_chmret_leafoff,1,EMW,7,8,footslope,1.5665387763874605e-05
fld_chmret_leafoff,1,EMW,8,9,valley,1.3734925232711248e-05
fld_chmret_leafoff,1,EMW,9,10,pit,2.7796618269348983e-06
fld_chmret_leafoff,1,FSW,0,1,flat,5.430085730040446e-05
fld_chmret_leafoff,1,FSW,1,2,peak,3.275645667599747e-06
fld_chmret_leafoff,1,FSW,2,3,ridge,1.8545315469964407e-05
fld_chmret_leafoff,1,FSW,3,4,shoulder,1.1466887372080237e-05
fld_chmret_leafoff,1,FSW,4,5,spur,1.5636194802937098e-05
fld_chmret_leafoff,1,FSW,5,6,slope,4.6810029743937775e-05
fld_chmret_leafoff,1,FSW,6,7,hollow,1.6988069546641782e-05
fld_chmret_leafoff,1,FSW,7,8,footslope,2.991388100781478e-05
fld_chmret_leafoff,1,FSW,8,9,valley,3.0415563742280938e-05
fld_chmret_leafoff,1,FSW,9,10,pit,7.509670012950664e-06
fld_chmret_leafoff,1,SSW,0,1,flat,4.244088631821796e-05
fld_chmret_leafoff,1,SSW,1,2,peak,1.8725955897025415e-06
fld_chmret_leafoff,1,SSW,2,3,ridge,9.450092875340488e-06
fld_chmret_leafoff,1,SSW,3,4,shoulder,8.041539331316017e-06
fld_chmret_leafoff,1,SSW,4,5,spur,9.792578566703014e-06
fld_chmret_leafoff,1,SSW,5,6,slope,3.448959978413768e-05
fld_chmret_leafoff,1,SSW,6,7,hollow,1.182548476208467e-05
fld_chmret_leafoff,1,SSW,7,8,footslope,1.9779414287768304e-05
fld_chmret_leafoff,1,SSW,8,9,valley,1.8559256204753183e-05
fld_chmret_leafoff,1,SSW,9,10,pit,3.765868314076215e-06
fld_chmret_leafoff,1,UPL,0,1,flat,4.320569132687524e-05
fld_chmret_leafoff,1,UPL,1,2,peak,3.127330955976504e-06
fld_chmret_leafoff,1,UPL,2,3,ridge,9.478615538682789e-06
fld_chmret_leafoff,1,UPL,3,4,shoulder,8.207028258766513e-06
fld_chmret_leafoff,1,UPL,4,5,spur,1.0262748219247442e-05
fld_chmret_leafoff,1,UPL,5,6,slope,3.0628150852862746e-05
fld_chmret_leafoff,1,UPL,6,7,hollow,9.7588681455818e-06
fld_chmret_leafoff,1,UPL,7,8,footslope,2.0201507140882313e-05
fld_chmret_leafoff,1,UPL,8,9,valley,1.5695408364990726e-05
fld_chmret_leafoff,1,UPL,9,10,pit,3.0037133456062293e-06
fld_chmret_leafoff,1,overall,0,1,flat,4.464482481125742e-05
fld_chmret_leafoff,1,overall,1,2,peak,2.4539183414162835e-06
fld_chmret_leafoff,1,overall,2,3,ridge,1.1101803465862758e-05
fld_chmret_leafoff,1,overall,3,4,shoulder,8.292405254906043e-06
fld_chmret_leafoff,1,overall,4,5,spur,1.0630671567923855e-05
fld_chmret_leafoff,1,overall,5,6,slope,3.357195237185806e-05
fld_chmret_leafoff,1,overall,6,7,hollow,1.1593322597036604e-05
fld_chmret_leafoff,1,overall,7,8,footslope,2.1390047550085e-05
fld_chmret_leafoff,1,overall,8,9,valley,1.9601287931436673e-05
fld_chmret_leafoff,1,overall,9,10,pit,4.264728431735421e-06
fld_chmret_leafoff,2,EMW,0,1,flat,2.8020242098136805e-05
fld_chmret_leafoff,2,EMW,1,2,peak,1.7226350337296026e-06
fld_chmret_leafoff,2,EMW,2,3,ridge,6.096920515119564e-06
fld_chmret_leafoff,2,EMW,3,4,shoulder,3.4067240903823404e-06
fld_chmret_leafoff,2,EMW,4,5,spur,8.04980572866043e-06
fld_chmret_leafoff,2,EMW,5,6,slope,2.7060606953455135e-05
fld_chmret_leafoff,2,EMW,6,7,hollow,9.90048920357367e-06
fld_chmret_leafoff,2,EMW,7,8,footslope,1.6458950995001942e-05
fld_chmret_leafoff,2,EMW,8,9,valley,1.5651676221750677e-05
fld_chmret_leafoff,2,EMW,9,10,pit,3.0312969556689495e-06
fld_chmret_leafoff,2,FSW,0,1,flat,3.357582681928761e-05
fld_chmret_leafoff,2,FSW,1,2,peak,3.4449712984496728e-06
fld_chmret_leafoff,2,FSW,2,3,ridge,1.1318318684061524e-05
fld_chmret_leafoff,2,FSW,3,4,shoulder,5.835928277519997e-06
fld_chmret_leafoff,2,FSW,4,5,spur,1.502328541391762e-05
fld_chmret_leafoff,2,FSW,5,6,slope,4.7136327339103445e-05
fld_chmret_leafoff,2,FSW,6,7,hollow,1.59001301653916e-05
fld_chmret_leafoff,2,FSW,7,8,footslope,2.3665288608754054e-05
fld_chmret_leafoff,2,FSW,8,9,valley,2.790273356367834e-05
fld_chmret_leafoff,2,FSW,9,10,pit,8.265019459940959e-06
fld_chmret_leafoff,2,SSW,0,1,flat,2.8811196898459457e-05
fld_chmret_leafoff,2,SSW,1,2,peak,2.982138994411798e-06
fld_chmret_leafoff,2,SSW,2,3,ridge,1.0021058187703602e-05
fld_chmret_leafoff,2,SSW,3,4,shoulder,5.26820849700016e-06
fld_chmret_leafoff,2,SSW,4,5,spur,1.1305546649964526e-05
fld_chmret_leafoff,2,SSW,5,6,slope,4.052563599543646e-05
fld_chmret_leafoff,2,SSW,6,7,hollow,1.2462941413105e-05
fld_chmret_leafoff,2,SSW,7,8,footslope,1.849285399657674e-05
fld_chmret_leafoff,2,SSW,8,9,valley,1.6859721654327586e-05
fld_chmret_leafoff,2,SSW,9,10,pit,3.372816763658193e-06
fld_chmret_leafoff,2,UPL,0,1,flat,3.221835504518822e-05
fld_chmret_leafoff,2,UPL,1,2,peak,3.694863380587776e-06
fld_chmret_leafoff,2,UPL,2,3,ridge,1.0961805855913553e-05
fld_chmret_leafoff,2,UPL,3,4,shoulder,5.7974880292022135e-06
fld_chmret_leafoff,2,UPL,4,5,spur,1.305205387325259e-05
fld_chmret_leafoff,2,UPL,5,6,slope,4.7392626584041864e-05
fld_chmret_leafoff,2,UPL,6,7,hollow,1.3826087524648756e-05
fld_chmret_leafoff,2,UPL,7,8,footslope,1.888253609649837e-05
fld_chmret_leafoff,2,UPL,8,9,valley,1.9099075871054083e-05
fld_chmret_leafoff,2,UPL,9,10,pit,4.5993010644451715e-06
fld_chmret_leafoff,2,overall,0,1,flat,3.065640339627862e-05
fld_chmret_leafoff,2,overall,1,2,peak,2.9611521767947124e-06
fld_chmret_leafoff,2,overall,2,3,ridge,9.599525583325885e-06
fld_chmret_leafoff,2,overall,3,4,shoulder,5.0770872803695966e-06
fld_chmret_leafoff,2,overall,4,5,spur,1.1857672689075116e-05
fld_chmret_leafoff,2,overall,5,6,slope,4.052880103699863e-05
fld_chmret_leafoff,2,overall,6,7,hollow,1.3022411621932406e-05
fld_chmret_leafoff,2,overall,7,8,footslope,1.9374907424207777e-05
fld_chmret_leafoff,2,overall,8,9,valley,1.987830182770267e-05
fld_chmret_leafoff,2,overall,9,10,pit,4.817108674615156e-06
fld_chmret_leafoff,3,EMW,0,1,flat,1.6184170817723498e-05
fld_chmret_leafoff,3,EMW,1,2,peak,1.175803959085897e-06
fld_chmret_leafoff,3,EMW,2,3,ridge,5.35779190613539e-06
fld_chmret_leafoff,3,EMW,3,4,shoulder,4.686427018896211e-06
fld_chmret_leafoff,3,EMW,4,5,spur,6.339837909763446e-06
fld_chmret_leafoff,3,EMW,5,6,slope,1.6875288565643132e-05
fld_chmret_leafoff,3,EMW,6,7,hollow,7.476221981050912e-06
fld_chmret_leafoff,3,EMW,7,8,footslope,1.1965543308178894e-05
fld_chmret_leafoff,3,EMW,8,9,valley,1.2869098100054543e-05
fld_chmret_leafoff,3,EMW,9,10,pit,3.0509813768730965e-06
fld_chmret_leafoff,3,FSW,0,1,flat,2.4990620659082197e-05
fld_chmret_leafoff,3,FSW,1,2,peak,3.6175897548673674e-06
fld_chmret_leafoff,3,FSW,2,3,ridge,9.888881322694942e-06
fld_chmret_leafoff,3,FSW,3,4,shoulder,9.536963261780329e-06
fld_chmret_leafoff,3,FSW,4,5,spur,1.8698225176194683e-05
fld_chmret_leafoff,3,FSW,5,6,slope,3.460585867287591e-05
fld_chmret_leafoff,3,FSW,6,7,hollow,1.550573688291479e-05
fld_chmret_leafoff,3,FSW,7,8,footslope,1.9394519767956808e-05
fld_chmret_leafoff,3,FSW,8,9,valley,2.138263880624436e-05
fld_chmret_leafoff,3,FSW,9,10,pit,5.3936319091008045e-06
fld_chmret_leafoff,3,SSW,0,1,flat,2.3638584025320597e-05
fld_chmret_leafoff,3,SSW,1,2,peak,2.1937835299468134e-06
fld_chmret_leafoff,3,SSW,2,3,ridge,9.130416401603725e-06
fld_chmret_leafoff,3,SSW,3,4,shoulder,8.02442264102865e-06
fld_chmret_leafoff,3,SSW,4,5,spur,1.1297428500256501e-05
fld_chmret_leafoff,3,SSW,5,6,slope,2.86368540400872e-05
fld_chmret_leafoff,3,SSW,6,7,hollow,1.1066252227465156e-05
fld_chmret_leafoff,3,SSW,7,8,footslope,1.6162135580088943e-05
fld_chmret_leafoff,3,SSW,8,9,valley,1.5551924661849625e-05
fld_chmret_leafoff,3,SSW,9,10,pit,2.870949401767575e-06
fld_chmret_leafoff,3,UPL,0,1,flat,2.696778392419219e-05
fld_chmret_leafoff,3,UPL,1,2,peak,3.825230123766232e-06
fld_chmret_leafoff,3,UPL,2,3,ridge,1.3292299627210014e-05
fld_chmret_leafoff,3,UPL,3,4,shoulder,1.2236540896992665e-05
fld_chmret_leafoff,3,UPL,4,5,spur,1.8556798750068992e-05
fld_chmret_leafoff,3,UPL,5,6,slope,4.087769048055634e-05
fld_chmret_leafoff,3,UPL,6,7,hollow,1.3873647731088568e-05
fld_chmret_leafoff,3,UPL,7,8,footslope,1.8200968042947352e-05
fld_chmret_leafoff,3,UPL,8,9,valley,2.1126612409716472e-05
fld_chmret_leafoff,3,UPL,9,10,pit,5.05343496115529e-06
fld_chmret_leafoff,3,overall,0,1,flat,2.294528894708492e-05
fld_chmret_leafoff,3,overall,1,2,peak,2.703101927181706e-06
fld_chmret_leafoff,3,overall,2,3,ridge,9.417346518603154e-06
fld_chmret_leafoff,3,overall,3,4,shoulder,8.621088454674464e-06
fld_chmret_leafoff,3,overall,4,5,spur,1.3723072697757743e-05
fld_chmret_leafoff,3,overall,5,6,slope,3.0248922485043295e-05
fld_chmret_leafoff,3,overall,6,7,hollow,1.1980464478256181e-05
fld_chmret_leafoff,3,overall,7,8,footslope,1.643079122004565e-05
fld_chmret_leafoff,3,overall,8,9,valley,1.7732567357597873e-05
fld_chmret_leafoff,3,overall,9,10,pit,4.092249128007097e-06
fld_chmret_leafoff,4,EMW,0,1,flat,3.694643237395212e-05
fld_chmret_leafoff,4,EMW,1,2,peak,1.8724033452599542e-06
fld_chmret_leafoff,4,EMW,2,3,ridge,6.917645805515349e-06
fld_chmret_leafoff,4,EMW,3,4,shoulder,4.577682375384029e-06
fld_chmret_leafoff,4,EMW,4,5,spur,9.903614227368962e-06
fld_chmret_leafoff,4,EMW,5,6,slope,2.3661181330680847e-05
fld_chmret_leafoff,4,EMW,6,7,hollow,1.1625985280261375e-05
fld_chmret_leafoff,4,EMW,7,8,footslope,1.7528172975289635e-05
fld_chmret_leafoff,4,EMW,8,9,valley,1.964580951607786e-05
fld_chmret_leafoff,4,EMW,9,10,pit,2.9517723305616528e-06
fld_chmret_leafoff,4,FSW,0,1,flat,4.101451122551225e-05
fld_chmret_leafoff,4,FSW,1,2,peak,3.7318454815249424e-06
fld_chmret_leafoff,4,FSW,2,3,ridge,1.4525906408380251e-05
fld_chmret_leafoff,4,FSW,3,4,shoulder,8.609755241195671e-06
fld_chmret_leafoff,4,FSW,4,5,spur,1.7616837794776075e-05
fld_chmret_leafoff,4,FSW,5,6,slope,3.971725163864903e-05
fld_chmret_leafoff,4,FSW,6,7,hollow,2.0709110685857013e-05
fld_chmret_leafoff,4,FSW,7,8,footslope,2.4782499167486094e-05
fld_chmret_leafoff,4,FSW,8,9,valley,3.495301280054264e-05
fld_chmret_leafoff,4,FSW,9,10,pit,3.963686140195932e-06
fld_chmret_leafoff,4,SSW,0,1,flat,4.427415115060285e-05
fld_chmret_leafoff,4,SSW,1,2,peak,2.4002615646168124e-06
fld_chmret_leafoff,4,SSW,2,3,ridge,9.233763194060884e-06
fld_chmret_leafoff,4,SSW,3,4,shoulder,7.042171091597993e-06
fld_chmret_leafoff,4,SSW,4,5,spur,1.2526781574706547e-05
fld_chmret_leafoff,4,SSW,5,6,slope,3.38617610395886e-05
fld_chmret_leafoff,4,SSW,6,7,hollow,1.534190414531622e-05
fld_chmret_leafoff,4,SSW,7,8,footslope,2.5996941985795274e-05
fld_chmret_leafoff,4,SSW,8,9,valley,2.697606396395713e-05
fld_chmret_leafoff,4,SSW,9,10,pit,3.0779035569139523e-06
fld_chmret_leafoff,4,UPL,0,1,flat,4.622349297278561e-05
fld_chmret_leafoff,4,UPL,1,2,peak,3.867448867822532e-06
fld_chmret_leafoff,4,UPL,2,3,ridge,1.3520451830117963e-05
fld_chmret_leafoff,4,UPL,3,4,shoulder,9.625940947444178e-06
fld_chmret_leafoff,4,UPL,4,5,spur,1.5672414519940503e-05
fld_chmret_leafoff,4,UPL,5,6,slope,3.847220432362519e-05
fld_chmret_leafoff,4,UPL,6,7,hollow,1.874081681307871e-05
fld_chmret_leafoff,4,UPL,7,8,footslope,2.931875678768847e-05
fld_chmret_leafoff,4,UPL,8,9,valley,3.190647839801386e-05
fld_chmret_leafoff,4,UPL,9,10,pit,4.812803126696963e-06
fld_chmret_leafoff,4,overall,0,1,flat,4.2114646930713207e-05
fld_chmret_leafoff,4,overall,1,2,peak,2.9679897579626413e-06
fld_chmret_leafoff,4,overall,2,3,ridge,1.1049442036892287e-05
fld_chmret_leafoff,4,overall,3,4,shoulder,7.463887413905468e-06
fld_chmret_leafoff,4,overall,4,5,spur,1.3929911801824346e-05
fld_chmret_leafoff,4,overall,5,6,slope,3.392809958313592e-05
fld_chmret_leafoff,4,overall,6,7,hollow,1.660445377638098e-05
fld_chmret_leafoff,4,overall,7,8,footslope,2.4406592274317518e-05
fld_chmret_leafoff,4,overall,8,9,valley,2.8370341169647872e-05
fld_chmret_leafoff,4,overall,9,10,pit,3.701541345435544e-06
fld_chmret_leafon,0,EMW,0,1,flat,5.5218348279595375e-05
fld_chmret_leafon,0,EMW,1,2,peak,1.8585476482257945e-06
fld_chmret_leafon,0,EMW,2,3,ridge,1.0463884791533928e-05
fld_chmret_leafon,0,EMW,3,4,shoulder,1.4963408830226399e-05
fld_chmret_leafon,0,EMW,4,5,spur,1.4327115422929637e-05
fld_chmret_leafon,0,EMW,5,6,slope,3.96585492126178e-05
fld_chmret_leafon,0,EMW,6,7,hollow,1.4114183613855857e-05
fld_chmret_leafon,0,EMW,7,8,footslope,2.725995182117913e-05
fld_chmret_leafon,0,EMW,8,9,valley,2.649462294357363e-05
fld_chmret_leafon,0,EMW,9,10,pit,5.511174549610587e-06
fld_chmret_leafon,0,FSW,0,1,flat,6.416068936232477e-05
fld_chmret_leafon,0,FSW,1,2,peak,3.964843017456587e-06
fld_chmret_leafon,0,FSW,2,3,ridge,2.107832915498875e-05
fld_chmret_leafon,0,FSW,3,4,shoulder,2.239205059595406e-05
fld_chmret_leafon,0,FSW,4,5,spur,2.548121483414434e-05
fld_chmret_leafon,0,FSW,5,6,slope,5.922526906942949e-05
fld_chmret_leafon,0,FSW,6,7,hollow,2.546337418607436e-05
fld_chmret_leafon,0,FSW,7,8,footslope,4.3377094698371366e-05
fld_chmret_leafon,0,FSW,8,9,valley,5.108882760396227e-05
fld_chmret_leafon,0,FSW,9,10,pit,1.0805301826621871e-05
fld_chmret_leafon,0,SSW,0,1,flat,4.9004611355485395e-05
fld_chmret_leafon,0,SSW,1,2,peak,2.586436721685459e-06
fld_chmret_leafon,0,SSW,2,3,ridge,1.61320003826404e-05
fld_chmret_leafon,0,SSW,3,4,shoulder,1.914102722366806e-05
fld_chmret_leafon,0,SSW,4,5,spur,1.560868440719787e-05
fld_chmret_leafon,0,SSW,5,6,slope,5.054072244092822e-05
fld_chmret_leafon,0,SSW,6,7,hollow,1.6771013179095462e-05
fld_chmret_leafon,0,SSW,7,8,footslope,2.7076504920842126e-05
fld_chmret_leafon,0,SSW,8,9,valley,2.3161701392382383e-05
fld_chmret_leafon,0,SSW,9,10,pit,4.6944151108618826e-06
fld_chmret_leafon,0,UPL,0,1,flat,4.3246538552921265e-05
fld_chmret_leafon,0,UPL,1,2,peak,3.442863089730963e-06
fld_chmret_leafon,0,UPL,2,3,ridge,1.8907299818238243e-05
fld_chmret_leafon,0,UPL,3,4,shoulder,2.2579533833777532e-05
fld_chmret_leafon,0,UPL,4,5,spur,1.767053981893696e-05
fld_chmret_leafon,0,UPL,5,6,slope,4.997100404580124e-05
fld_chmret_leafon,0,UPL,6,7,hollow,1.5535992133663967e-05
fld_chmret_leafon,0,UPL,7,8,footslope,2.643370498844888e-05
fld_chmret_leafon,0,UPL,8,9,valley,2.3164267986430787e-05
fld_chmret_leafon,0,UPL,9,10,pit,5.393470019043889e-06
fld_chmret_leafon,0,overall,0,1,flat,5.2907547797076404e-05
fld_chmret_leafon,0,overall,1,2,peak,2.963172619274701e-06
fld_chmret_leafon,0,overall,2,3,ridge,1.6645379218971357e-05
fld_chmret_leafon,0,overall,3,4,shoulder,1.9769006030401215e-05
fld_chmret_leafon,0,overall,4,5,spur,1.8271886801812798e-05
fld_chmret_leafon,0,overall,5,6,slope,4.984888437320478e-05
fld_chmret_leafon,0,overall,6,7,hollow,1.7971140550798737e-05
fld_chmret_leafon,0,overall,7,8,footslope,3.103681228822097e-05
fld_chmret_leafon,0,overall,8,9,valley,3.0977353162597865e-05
fld_chmret_leafon,0,overall,9,10,pit,6.601090717595071e-06
fld_chmret_leafon,1,EMW,0,1,flat,3.954836574848741e-05
fld_chmret_leafon,1,EMW,1,2,peak,1.6193869214475853e-06
fld_chmret_leafon,1,EMW,2,3,ridge,8.003677976375911e-06
fld_chmret_leafon,1,EMW,3,4,shoulder,7.4815361585933715e-06
fld_chmret_leafon,1,EMW,4,5,spur,8.333309779118281e-06
fld_chmret_leafon,1,EMW,5,6,slope,2.956227763206698e-05
fld_chmret_leafon,1,EMW,6,7,hollow,1.1656521564873401e-05
fld_chmret_leafon,1,EMW,7,8,footslope,1.555686685605906e-05
fld_chmret_leafon,1,EMW,8,9,valley,2.097384276567027e-05
fld_chmret_leafon,1,EMW,9,10,pit,3.6758196984010283e-06
fld_chmret_leafon,1,FSW,0,1,flat,4.4319349399302155e-05
fld_chmret_leafon,1,FSW,1,2,peak,1.7521055042379885e-06
fld_chmret_leafon,1,FSW,2,3,ridge,1.0475281669641845e-05
fld_chmret_leafon,1,FSW,3,4,shoulder,9.082398719328921e-06
fld_chmret_leafon,1,FSW,4,5,spur,1.1549613191164099e-05
fld_chmret_leafon,1,FSW,5,6,slope,3.483795080683194e-05
fld_chmret_leafon,1,FSW,6,7,hollow,1.4368915799423121e-05
fld_chmret_leafon,1,FSW,7,8,footslope,2.0417954146978445e-05
fld_chmret_leafon,1,FSW,8,9,valley,2.8575872420333326e-05
fld_chmret_leafon,1,FSW,9,10,pit,5.173266799829435e-06
fld_chmret_leafon,1,SSW,0,1,flat,4.361964965937659e-05
fld_chmret_leafon,1,SSW,1,2,peak,1.5965713373589097e-06
fld_chmret_leafon,1,SSW,2,3,ridge,7.1757262958271895e-06
fld_chmret_leafon,1,SSW,3,4,shoulder,7.99698773334967e-06
fld_chmret_leafon,1,SSW,4,5,spur,7.093561634974321e-06
fld_chmret_leafon,1,SSW,5,6,slope,2.8594842660822906e-05
fld_chmret_leafon,1,SSW,6,7,hollow,9.6136918728007e-06
fld_chmret_leafon,1,SSW,7,8,footslope,2.049079012067523e-05
fld_chmret_leafon,1,SSW,8,9,valley,1.918261477840133e-05
fld_chmret_leafon,1,SSW,9,10,pit,3.032232825717074e-06
fld_chmret_leafon,1,UPL,0,1,flat,4.7661080316174775e-05
fld_chmret_leafon,1,UPL,1,2,peak,2.2161202650750056e-06
fld_chmret_leafon,1,UPL,2,3,ridge,1.0788037798192818e-05
fld_chmret_leafon,1,UPL,3,4,shoulder,1.1297516721242573e-05
fld_chmret_leafon,1,UPL,4,5,spur,1.1603822713368572e-05
fld_chmret_leafon,1,UPL,5,6,slope,3.943003684980795e-05
fld_chmret_leafon,1,UPL,6,7,hollow,1.3257663340482395e-05
fld_chmret_leafon,1,UPL,7,8,footslope,2.2665179130854085e-05
fld_chmret_leafon,1,UPL,8,9,valley,2.095520540024154e-05
fld_chmret_leafon,1,UPL,9,10,pit,4.044634351885179e-06
fld_chmret_leafon,1,overall,0,1,flat,4.378711309982464e-05
fld_chmret_leafon,1,overall,1,2,peak,1.7960460354515817e-06
fld_chmret_leafon,1,overall,2,3,ridge,9.110681276069954e-06
fld_chmret_leafon,1,overall,3,4,shoulder,8.96461006050231e-06
fld_chmret_leafon,1,overall,4,5,spur,9.64507671596948e-06
fld_chmret_leafon,1,overall,5,6,slope,3.310627653263509e-05
fld_chmret_leafon,1,overall,6,7,hollow,1.2224199053889606e-05
fld_chmret_leafon,1,overall,7,8,footslope,1.9782699382631108e-05
fld_chmret_leafon,1,overall,8,9,valley,2.242188566015102e-05
fld_chmret_leafon,1,overall,9,10,pit,3.9814885894884355e-06
fld_chmret_leafon,2,EMW,0,1,flat,3.358911271789111e-05
fld_chmret_leafon,2,EMW,1,2,peak,1.8312015299670747e-06
fld_chmret_leafon,2,EMW,2,3,ridge,7.00602959113894e-06
fld_chmret_leafon,2,EMW,3,4,shoulder,3.972201739088632e-06
fld_chmret_leafon,2,EMW,4,5,spur,8.53096480568638e-06
fld_chmret_leafon,2,EMW,5,6,slope,3.194491000613198e-05
fld_chmret_leafon,2,EMW,6,7,hollow,1.0574781299510505e-05
fld_chmret_leafon,2,EMW,7,8,footslope,2.1712652596761473e-05
fld_chmret_leafon,2,EMW,8,9,valley,1.558897565701045e-05
fld_chmret_leafon,2,EMW,9,10,pit,3.1175829917629017e-06
fld_chmret_leafon,2,FSW,0,1,flat,3.781568739213981e-05
fld_chmret_leafon,2,FSW,1,2,peak,2.2023432393325493e-06
fld_chmret_leafon,2,FSW,2,3,ridge,1.0111974916071631e-05
fld_chmret_leafon,2,FSW,3,4,shoulder,5.705475814465899e-06
fld_chmret_leafon,2,FSW,4,5,spur,1.3261825188237708e-05
fld_chmret_leafon,2,FSW,5,6,slope,4.069429269293323e-05
fld_chmret_leafon,2,FSW,6,7,hollow,1.5129991879803129e-05
fld_chmret_leafon,2,FSW,7,8,footslope,3.089782330789603e-05
fld_chmret_leafon,2,FSW,8,9,valley,2.8300904887146316e-05
fld_chmret_leafon,2,FSW,9,10,pit,9.664076969784219e-06
fld_chmret_leafon,2,SSW,0,1,flat,3.881020165863447e-05
fld_chmret_leafon,2,SSW,1,2,peak,3.0881976726959692e-06
fld_chmret_leafon,2,SSW,2,3,ridge,1.0573304280114826e-05
fld_chmret_leafon,2,SSW,3,4,shoulder,7.017798452579882e-06
fld_chmret_leafon,2,SSW,4,5,spur,1.185411929327529e-05
fld_chmret_leafon,2,SSW,5,6,slope,4.9420086725149304e-05
fld_chmret_leafon,2,SSW,6,7,hollow,1.3016227967455052e-05
fld_chmret_leafon,2,SSW,7,8,footslope,2.8213249606778845e-05
fld_chmret_leafon,2,SSW,8,9,valley,1.8901877410826273e-05
fld_chmret_leafon,2,SSW,9,10,pit,3.5555763133743312e-06
fld_chmret_leafon,2,UPL,0,1,flat,4.443359648576006e-05
fld_chmret_leafon,2,UPL,1,2,peak,3.5472978652251186e-06
fld_chmret_leafon,2,UPL,2,3,ridge,1.2043742572132032e-05
fld_chmret_leafon,2,UPL,3,4,shoulder,8.464938218821771e-06
fld_chmret_leafon,2,UPL,4,5,spur,1.2893231541966088e-05
fld_chmret_leafon,2,UPL,5,6,slope,5.8570050896378234e-05
fld_chmret_leafon,2,UPL,6,7,hollow,1.3732025763601996e-05
fld_chmret_leafon,2,UPL,7,8,footslope,3.234909672755748e-05
fld_chmret_leafon,2,UPL,8,9,valley,1.9923716536141e-05
fld_chmret_leafon,2,UPL,9,10,pit,4.961436388839502e-06
fld_chmret_leafon,2,overall,0,1,flat,3.866214683512226e-05
fld_chmret_leafon,2,overall,1,2,peak,2.6672601052268874e-06
fld_chmret_leafon,2,overall,2,3,ridge,9.933763067238033e-06
fld_chmret_leafon,2,overall,3,4,shoulder,6.290103556239046e-06
fld_chmret_leafon,2,overall,4,5,spur,1.1635034752544016e-05
fld_chmret_leafon,2,overall,5,6,slope,4.515733598964289e-05
fld_chmret_leafon,2,overall,6,7,hollow,1.3113256500218995e-05
fld_chmret_leafon,2,overall,7,8,footslope,2.8293205105001107e-05
fld_chmret_leafon,2,overall,8,9,valley,2.067886816803366e-05
fld_chmret_leafon,2,overall,9,10,pit,5.32466856384417e-06
fld_chmret_leafon,3,EMW,0,1,flat,7.027448191365693e-06
fld_chmret_leafon,3,EMW,1,2,peak,5.307942956278566e-07
fld_chmret_leafon,3,EMW,2,3,ridge,1.6420999600086361e-06
fld_chmret_leafon,3,EMW,3,4,shoulder,1.2478593589548836e-06
fld_chmret_leafon,3,EMW,4,5,spur,2.7140372367284726e-06
fld_chmret_leafon,3,EMW,5,6,slope,7.863381142669823e-06
fld_chmret_leafon,3,EMW,6,7,hollow,2.164867055398645e-06
fld_chmret_leafon,3,EMW,7,8,footslope,4.209553026157664e-06
fld_chmret_leafon,3,EMW,8,9,valley,3.978065706178313e-06
fld_chmret_leafon,3,EMW,9,10,pit,8.444609989055607e-07
fld_chmret_leafon,3,FSW,0,1,flat,1.8500304577173665e-05
fld_chmret_leafon,3,FSW,1,2,peak,2.6275138225173578e-06
fld_chmret_leafon,3,FSW,2,3,ridge,6.577537533303257e-06
fld_chmret_leafon,3,FSW,3,4,shoulder,6.87130295773386e-06
fld_chmret_leafon,3,FSW,4,5,spur,1.1814648132713046e-05
fld_chmret_leafon,3,FSW,5,6,slope,2.770031278487295e-05
fld_chmret_leafon,3,FSW,6,7,hollow,1.1552026080607902e-05
fld_chmret_leafon,3,FSW,7,8,footslope,1.4596453183912672e-05
fld_chmret_leafon,3,FSW,8,9,valley,2.1154843125259504e-05
fld_chmret_leafon,3,FSW,9,10,pit,5.060993771621725e-06
fld_chmret_leafon,3,SSW,0,1,flat,1.6505844541825354e-05
fld_chmret_leafon,3,SSW,1,2,peak,1.4933610827938537e-06
fld_chmret_leafon,3,SSW,2,3,ridge,3.807543635048205e-06
fld_chmret_leafon,3,SSW,3,4,shoulder,3.4394590784359025e-06
fld_chmret_leafon,3,SSW,4,5,spur,4.921083927911241e-06
fld_chmret_leafon,3,SSW,5,6,slope,1.560709461045917e-05
fld_chmret_leafon,3,SSW,6,7,hollow,5.29482258571079e-06
fld_chmret_leafon,3,SSW,7,8,footslope,9.278968718717806e-06
fld_chmret_leafon,3,SSW,8,9,valley,9.09469417820219e-06
fld_chmret_leafon,3,SSW,9,10,pit,1.3666265203937655e-06
fld_chmret_leafon,3,UPL,0,1,flat,2.0341693016234785e-05
fld_chmret_leafon,3,UPL,1,2,peak,2.6277862161805388e-06
fld_chmret_leafon,3,UPL,2,3,ridge,6.234809461602708e-06
fld_chmret_leafon,3,UPL,3,4,shoulder,6.154955826787045e-06
fld_chmret_leafon,3,UPL,4,5,spur,9.843565749179106e-06
fld_chmret_leafon,3,UPL,5,6,slope,2.6616489776642993e-05
fld_chmret_leafon,3,UPL,6,7,hollow,8.464850907330401e-06
fld_chmret_leafon,3,UPL,7,8,footslope,1.311246887780726e-05
fld_chmret_leafon,3,UPL,8,9,valley,1.544985752843786e-05
fld_chmret_leafon,3,UPL,9,10,pit,3.694608267323929e-06
fld_chmret_leafon,3,overall,0,1,flat,1.5593821444781497e-05
fld_chmret_leafon,3,overall,1,2,peak,1.8198638827016111e-06
fld_chmret_leafon,3,overall,2,3,ridge,4.565497874864377e-06
fld_chmret_leafon,3,overall,3,4,shoulder,4.4283942770562135e-06
fld_chmret_leafon,3,overall,4,5,spur,7.3233341026934795e-06
fld_chmret_leafon,3,overall,5,6,slope,1.944681935128756e-05
fld_chmret_leafon,3,overall,6,7,hollow,6.869141998322448e-06
fld_chmret_leafon,3,overall,7,8,footslope,1.0299360837962013e-05
fld_chmret_leafon,3,overall,8,9,valley,1.2419364793458953e-05
fld_chmret_leafon,3,overall,9,10,pit,2.7416724606155185e-06
fld_chmret_leafon,4,EMW,0,1,flat,4.7341687604784966e-05
fld_chmret_leafon,4,EMW,1,2,peak,2.085701908072224e-06
fld_chmret_leafon,4,EMW,2,3,ridge,8.783818884694483e-06
fld_chmret_leafon,4,EMW,3,4,shoulder,6.136002866696799e-06
fld_chmret_leafon,4,EMW,4,5,spur,1.2449895621102769e-05
fld_chmret_leafon,4,EMW,5,6,slope,3.2409436244051903e-05
fld_chmret_leafon,4,EMW,6,7,hollow,1.5400168194901198e-05
fld_chmret_leafon,4,EMW,7,8,footslope,2.4025786842685193e-05
fld_chmret_leafon,4,EMW,8,9,valley,2.877343285945244e-05
fld_chmret_leafon,4,EMW,9,10,pit,4.089902631676523e-06
fld_chmret_leafon,4,FSW,0,1,flat,5.248351953923702e-05
fld_chmret_leafon,4,FSW,1,2,peak,3.665963504317915e-06
fld_chmret_leafon,4,FSW,2,3,ridge,1.539687582408078e-05
fld_chmret_leafon,4,FSW,3,4,shoulder,9.098792361328378e-06
fld_chmret_leafon,4,FSW,4,5,spur,2.090507587126922e-05
fld_chmret_leafon,4,FSW,5,6,slope,4.453778456081636e-05
fld_chmret_leafon,4,FSW,6,7,hollow,2.2446205548476428e-05
fld_chmret_leafon,4,FSW,7,8,footslope,3.317622031318024e-05
fld_chmret_leafon,4,FSW,8,9,valley,4.581060420605354e-05
fld_chmret_leafon,4,FSW,9,10,pit,5.807539309898857e-06
fld_chmret_leafon,4,SSW,0,1,flat,7.103059760993347e-05
fld_chmret_leafon,4,SSW,1,2,peak,4.084412466909271e-06
fld_chmret_leafon,4,SSW,2,3,ridge,1.3834088349540252e-05
fld_chmret_leafon,4,SSW,3,4,shoulder,1.2897266060463153e-05
fld_chmret_leafon,4,SSW,4,5,spur,2.0148201656411402e-05
fld_chmret_leafon,4,SSW,5,6,slope,6.028155985404737e-05
fld_chmret_leafon,4,SSW,6,7,hollow,2.605270674393978e-05
fld_chmret_leafon,4,SSW,7,8,footslope,3.64091174560599e-05
fld_chmret_leafon,4,SSW,8,9,valley,4.5177068386692554e-05
fld_chmret_leafon,4,SSW,9,10,pit,5.110544407216366e-06
fld_chmret_leafon,4,UPL,0,1,flat,4.832193371839821e-05
fld_chmret_leafon,4,UPL,1,2,peak,3.641170678747585e-06
fld_chmret_leafon,4,UPL,2,3,ridge,1.3309317182574887e-05
fld_chmret_leafon,4,UPL,3,4,shoulder,9.370588486490306e-06
fld_chmret_leafon,4,UPL,4,5,spur,1.887488178908825e-05
fld_chmret_leafon,4,UPL,5,6,slope,4.3775005906354636e-05
fld_chmret_leafon,4,UPL,6,7,hollow,1.9036300727748312e-05
fld_chmret_leafon,4,UPL,7,8,footslope,2.5551882572472095e-05
fld_chmret_leafon,4,UPL,8,9,valley,3.3657408494036645e-05
fld_chmret_leafon,4,UPL,9,10,pit,4.300239197618794e-06
fld_chmret_leafon,4,overall,0,1,flat,5.479443643707782e-05
fld_chmret_leafon,4,overall,1,2,peak,3.3693122531985864e-06
fld_chmret_leafon,4,overall,2,3,ridge,1.2831024832848925e-05
fld_chmret_leafon,4,overall,3,4,shoulder,9.375662557431497e-06
fld_chmret_leafon,4,overall,4,5,spur,1.8094513507094234e-05
fld_chmret_leafon,4,overall,5,6,slope,4.525094846030697e-05
fld_chmret_leafon,4,overall,6,7,hollow,2.073384530376643e-05
fld_chmret_leafon,4,overall,7,8,footslope,2.9790751796099357e-05
fld_chmret_leafon,4,overall,8,9,valley,3.8354628486558795e-05
fld_chmret_leafon,4,overall,9,10,pit,4.827056272915797e-06
fld_nolidar_leafoff,0,EMW,0,1,flat,4.661743878386915e-05
fld_nolidar_leafoff,0,EMW,1,2,peak,2.0300674350437475e-06
fld_nolidar_leafoff,0,EMW,2,3,ridge,1.1755986633943394e-05
fld_nolidar_leafoff,0,EMW,3,4,shoulder,1.1931801054743119e-05
fld_nolidar_leafoff,0,EMW,4,5,spur,1.247270392923383e-05
fld_nolidar_leafoff,0,EMW,5,6,slope,3.9764967368682846e-05
fld_nolidar_leafoff,0,EMW,6,7,hollow,1.3596270946436562e-05
fld_nolidar_leafoff,0,EMW,7,8,footslope,2.8874488634755835e-05
fld_nolidar_leafoff,0,EMW,8,9,valley,2.485792174411472e-05
fld_nolidar_leafoff,0,EMW,9,10,pit,6.238725291041192e-06
fld_nolidar_leafoff,0,FSW,0,1,flat,6.311331526376307e-05
fld_nolidar_leafoff,0,FSW,1,2,peak,3.0913670343579724e-06
fld_nolidar_leafoff,0,FSW,2,3,ridge,2.1022508008172736e-05
fld_nolidar_leafoff,0,FSW,3,4,shoulder,1.5063627870404162e-05
fld_nolidar_leafoff,0,FSW,4,5,spur,2.0243840481271036e-05
fld_nolidar_leafoff,0,FSW,5,6,slope,5.130210047354922e-05
fld_nolidar_leafoff,0,FSW,6,7,hollow,2.0558076357701793e-05
fld_nolidar_leafoff,0,FSW,7,8,footslope,3.3212389098480344e-05
fld_nolidar_leafoff,0,FSW,8,9,valley,3.324695717310533e-05
fld_nolidar_leafoff,0,FSW,9,10,pit,8.214378794946242e-06
fld_nolidar_leafoff,0,SSW,0,1,flat,4.23025521740783e-05
fld_nolidar_leafoff,0,SSW,1,2,peak,2.386698497502948e-06
fld_nolidar_leafoff,0,SSW,2,3,ridge,1.2519469237304293e-05
fld_nolidar_leafoff,0,SSW,3,4,shoulder,1.584426900080871e-05
fld_nolidar_leafoff,0,SSW,4,5,spur,1.1134125088574365e-05
fld_nolidar_leafoff,0,SSW,5,6,slope,3.559118340490386e-05
fld_nolidar_leafoff,0,SSW,6,7,hollow,1.05994022305822e-05
fld_nolidar_leafoff,0,SSW,7,8,footslope,2.543201480875723e-05
fld_nolidar_leafoff,0,SSW,8,9,valley,2.0979668988729827e-05
fld_nolidar_leafoff,0,SSW,9,10,pit,5.074156433693133e-06
fld_nolidar_leafoff,0,UPL,0,1,flat,4.461934440769255e-05
fld_nolidar_leafoff,0,UPL,1,2,peak,2.9761683890683344e-06
fld_nolidar_leafoff,0,UPL,2,3,ridge,1.662919567024801e-05
fld_nolidar_leafoff,0,UPL,3,4,shoulder,1.8589769751997665e-05
fld_nolidar_leafoff,0,UPL,4,5,spur,1.3776696505374275e-05
fld_nolidar_leafoff,0,UPL,5,6,slope,4.453180736163631e-05
fld_nolidar_leafoff,0,UPL,6,7,hollow,1.180557046609465e-05
fld_nolidar_leafoff,0,UPL,7,8,footslope,2.6505946152610704e-05
fld_nolidar_leafoff,0,UPL,8,9,valley,2.379658144491259e-05
fld_nolidar_leafoff,0,UPL,9,10,pit,6.5629888013063464e-06
fld_nolidar_leafoff,0,overall,0,1,flat,4.9163161747856066e-05
fld_nolidar_leafoff,0,overall,1,2,peak,2.621075509523507e-06
fld_nolidar_leafoff,0,overall,2,3,ridge,1.5481789887417108e-05
fld_nolidar_leafoff,0,overall,3,4,shoulder,1.5357367374235764e-05
fld_nolidar_leafoff,0,overall,4,5,spur,1.4406841728487052e-05
fld_nolidar_leafoff,0,overall,5,6,slope,4.279751010471955e-05
fld_nolidar_leafoff,0,overall,6,7,hollow,1.4139830454951152e-05
fld_nolidar_leafoff,0,overall,7,8,footslope,2.8506212402135134e-05
fld_nolidar_leafoff,0,overall,8,9,valley,2.5720282792462967e-05
fld_nolidar_leafoff,0,overall,9,10,pit,6.522562216559891e-06
fld_nolidar_leafoff,1,EMW,0,1,flat,7.592047040816396e-05
fld_nolidar_leafoff,1,EMW,1,2,peak,2.6864820483751828e-06
fld_nolidar_leafoff,1,EMW,2,3,ridge,1.4352983271237463e-05
fld_nolidar_leafoff,1,EMW,3,4,shoulder,1.4755052688997239e-05
fld_nolidar_leafoff,1,EMW,4,5,spur,1.4429429029405583e-05
fld_nolidar_leafoff,1,EMW,5,6,slope,4.7329416702268645e-05
fld_nolidar_leafoff,1,EMW,6,7,hollow,2.0818286429857835e-05
fld_nolidar_leafoff,1,EMW,7,8,footslope,3.612754517234862e-05
fld_nolidar_leafoff,1,EMW,8,9,valley,4.36147820437327e-05
fld_nolidar_leafoff,1,EMW,9,10,pit,7.079600436554756e-06
fld_nolidar_leafoff,1,FSW,0,1,flat,7.956592889968306e-05
fld_nolidar_leafoff,1,FSW,1,2,peak,3.0671058084408287e-06
fld_nolidar_leafoff,1,FSW,2,3,ridge,1.6710539057385176e-05
fld_nolidar_leafoff,1,FSW,3,4,shoulder,1.4996022400737274e-05
fld_nolidar_leafoff,1,FSW,4,5,spur,1.8603450371301733e-05
fld_nolidar_leafoff,1,FSW,5,6,slope,5.5509844969492406e-05
fld_nolidar_leafoff,1,FSW,6,7,hollow,2.4252105504274368e-05
fld_nolidar_leafoff,1,FSW,7,8,footslope,3.836989344563335e-05
fld_nolidar_leafoff,1,FSW,8,9,valley,5.076375600765459e-05
fld_nolidar_leafoff,1,FSW,9,10,pit,9.154784493148327e-06
fld_nolidar_leafoff,1,SSW,0,1,flat,7.953305612318218e-05
fld_nolidar_leafoff,1,SSW,1,2,peak,3.5307796224515187e-06
fld_nolidar_leafoff,1,SSW,2,3,ridge,1.7264443158637732e-05
fld_nolidar_leafoff,1,SSW,3,4,shoulder,1.9319279090268537e-05
fld_nolidar_leafoff,1,SSW,4,5,spur,2.110582499881275e-05
fld_nolidar_leafoff,1,SSW,5,6,slope,6.35823089396581e-05
fld_nolidar_leafoff,1,SSW,6,7,hollow,2.471026346029248e-05
fld_nolidar_leafoff,1,SSW,7,8,footslope,4.061705476487987e-05
fld_nolidar_leafoff,1,SSW,8,9,valley,4.426889790920541e-05
fld_nolidar_leafoff,1,SSW,9,10,pit,7.107012152118841e-06
fld_nolidar_leafoff,1,UPL,0,1,flat,6.237563502509147e-05
fld_nolidar_leafoff,1,UPL,1,2,peak,3.487547019176418e-06
fld_nolidar_leafoff,1,UPL,2,3,ridge,1.6777632481534965e-05
fld_nolidar_leafoff,1,UPL,3,4,shoulder,1.863811667135451e-05
fld_nolidar_leafoff,1,UPL,4,5,spur,2.0018745999550447e-05
fld_nolidar_leafoff,1,UPL,5,6,slope,5.717407839256339e-05
fld_nolidar_leafoff,1,UPL,6,7,hollow,2.0968345779692754e-05
fld_nolidar_leafoff,1,UPL,7,8,footslope,3.122054476989433e-05
fld_nolidar_leafoff,1,UPL,8,9,valley,3.157494211336598e-05
fld_nolidar_leafoff,1,UPL,9,10,pit,6.441433470172342e-06
fld_nolidar_leafoff,1,overall,0,1,flat,7.434877625200897e-05
fld_nolidar_leafoff,1,overall,1,2,peak,3.1929785109241493e-06
fld_nolidar_leafoff,1,overall,2,3,ridge,1.6276399037451483e-05
fld_nolidar_leafoff,1,overall,3,4,shoulder,1.6927117030718364e-05
fld_nolidar_leafoff,1,overall,4,5,spur,1.8539361917646602e-05
fld_nolidar_leafoff,1,overall,5,6,slope,5.5898912250995636e-05
fld_nolidar_leafoff,1,overall,6,7,hollow,2.268725074827671e-05
fld_nolidar_leafoff,1,overall,7,8,footslope,3.658376226667315e-05
fld_nolidar_leafoff,1,overall,8,9,valley,4.255559906596318e-05
fld_nolidar_leafoff,1,overall,9,10,pit,7.445707524311729e-06
fld_nolidar_leafoff,2,EMW,0,1,flat,5.6820288591552526e-05
fld_nolidar_leafoff,2,EMW,1,2,peak,2.2462158995040227e-06
fld_nolidar_leafoff,2,EMW,2,3,ridge,9.902729289024137e-06
fld_nolidar_leafoff,2,EMW,3,4,shoulder,5.39145958100562e-06
fld_nolidar_leafoff,2,EMW,4,5,spur,1.5642923244740814e-05
fld_nolidar_leafoff,2,EMW,5,6,slope,4.357147918199189e-05
fld_nolidar_leafoff,2,EMW,6,7,hollow,1.758286452968605e-05
fld_nolidar_leafoff,2,EMW,7,8,footslope,3.874082176480442e-05
fld_nolidar_leafoff,2,EMW,8,9,valley,3.079013913520612e-05
fld_nolidar_leafoff,2,EMW,9,10,pit,5.976236025162507e-06
fld_nolidar_leafoff,2,FSW,0,1,flat,6.608401599805802e-05
fld_nolidar_leafoff,2,FSW,1,2,peak,3.3942055779334623e-06
fld_nolidar_leafoff,2,FSW,2,3,ridge,1.5577850717818365e-05
fld_nolidar_leafoff,2,FSW,3,4,shoulder,8.726602573005948e-06
fld_nolidar_leafoff,2,FSW,4,5,spur,2.59107218880672e-05
fld_nolidar_leafoff,2,FSW,5,6,slope,7.048748375382274e-05
fld_nolidar_leafoff,2,FSW,6,7,hollow,2.9790293410769664e-05
fld_nolidar_leafoff,2,FSW,7,8,footslope,5.424746632343158e-05
fld_nolidar_leafoff,2,FSW,8,9,valley,5.1821691158693284e-05
fld_nolidar_leafoff,2,FSW,9,10,pit,1.0159305929846596e-05
fld_nolidar_leafoff,2,SSW,0,1,flat,5.632227839669213e-05
fld_nolidar_leafoff,2,SSW,1,2,peak,3.834488779830281e-06
fld_nolidar_leafoff,2,SSW,2,3,ridge,1.5717374481027946e-05
fld_nolidar_leafoff,2,SSW,3,4,shoulder,9.65559775067959e-06
fld_nolidar_leafoff,2,SSW,4,5,spur,2.396058516751509e-05
fld_nolidar_leafoff,2,SSW,5,6,slope,8.275591972051188e-05
fld_nolidar_leafoff,2,SSW,6,7,hollow,2.3256374333868735e-05
fld_nolidar_leafoff,2,SSW,7,8,footslope,4.208723112242296e-05
fld_nolidar_leafoff,2,SSW,8,9,valley,3.5854678571922705e-05
fld_nolidar_leafoff,2,SSW,9,10,pit,6.276404747040942e-06
fld_nolidar_leafoff,2,UPL,0,1,flat,5.55145088583231e-05
fld_nolidar_leafoff,2,UPL,1,2,peak,4.106041160412133e-06
fld_nolidar_leafoff,2,UPL,2,3,ridge,1.6982552551780827e-05
fld_nolidar_leafoff,2,UPL,3,4,shoulder,1.0818990631378256e-05
fld_nolidar_leafoff,2,UPL,4,5,spur,2.468682396283839e-05
fld_nolidar_leafoff,2,UPL,5,6,slope,9.302519174525514e-05
fld_nolidar_leafoff,2,UPL,6,7,hollow,2.3163405785453506e-05
fld_nolidar_leafoff,2,UPL,7,8,footslope,4.1560037061572075e-05
fld_nolidar_leafoff,2,UPL,8,9,valley,3.356832530698739e-05
fld_nolidar_leafoff,2,UPL,9,10,pit,5.533055627893191e-06
fld_nolidar_leafoff,2,overall,0,1,flat,5.868527659913525e-05
fld_nolidar_leafoff,2,overall,1,2,peak,3.3952378544199746e-06
fld_nolidar_leafoff,2,overall,2,3,ridge,1.4545126759912819e-05
fld_nolidar_leafoff,2,overall,3,4,shoulder,8.648163202451542e-06
fld_nolidar_leafoff,2,overall,4,5,spur,2.2550262656295672e-05
fld_nolidar_leafoff,2,overall,5,6,slope,7.246001769090071e-05
fld_nolidar_leafoff,2,overall,6,7,hollow,2.3448234060197137e-05
fld_nolidar_leafoff,2,overall,7,8,footslope,4.415888906805776e-05
fld_nolidar_leafoff,2,overall,8,9,valley,3.800871127168648e-05
fld_nolidar_leafoff,2,overall,9,10,pit,6.9862508098594844e-06
fld_nolidar_leafoff,3,EMW,0,1,flat,3.812530849245377e-05
fld_nolidar_leafoff,3,EMW,1,2,peak,1.6630085610813694e-06
fld_nolidar_leafoff,3,EMW,2,3,ridge,7.567618922621477e-06
fld_nolidar_leafoff,3,EMW,3,4,shoulder,6.812509582232451e-06
fld_nolidar_leafoff,3,EMW,4,5,spur,1.0609293894958682e-05
fld_nolidar_leafoff,3,EMW,5,6,slope,3.190338611602783e-05
fld_nolidar_leafoff,3,EMW,6,7,hollow,1.319859984505456e-05
fld_nolidar_leafoff,3,EMW,7,8,footslope,2.5606521376175806e-05
fld_nolidar_leafoff,3,EMW,8,9,valley,3.3085896575357765e-05
fld_nolidar_leafoff,3,EMW,9,10,pit,6.753004527126905e-06
fld_nolidar_leafoff,3,FSW,0,1,flat,5.536781463888474e-05
fld_nolidar_leafoff,3,FSW,1,2,peak,2.882076614696416e-06
fld_nolidar_leafoff,3,FSW,2,3,ridge,8.681205144966953e-06
fld_nolidar_leafoff,3,FSW,3,4,shoulder,7.846721928217448e-06
fld_nolidar_leafoff,3,FSW,4,5,spur,1.540667835797649e-05
fld_nolidar_leafoff,3,FSW,5,6,slope,4.236984023009427e-05
fld_nolidar_leafoff,3,FSW,6,7,hollow,1.951017475221306e-05
fld_nolidar_leafoff,3,FSW,7,8,footslope,3.878382995026186e-05
fld_nolidar_leafoff,3,FSW,8,9,valley,4.781144525622949e-05
fld_nolidar_leafoff,3,FSW,9,10,pit,1.0150875823455863e-05
fld_nolidar_leafoff,3,SSW,0,1,flat,4.396719305077568e-05
fld_nolidar_leafoff,3,SSW,1,2,peak,2.0416518964339048e-06
fld_nolidar_leafoff,3,SSW,2,3,ridge,9.74917747953441e-06
fld_nolidar_leafoff,3,SSW,3,4,shoulder,8.581172551203053e-06
fld_nolidar_leafoff,3,SSW,4,5,spur,1.4968538380344398e-05
fld_nolidar_leafoff,3,SSW,5,6,slope,3.935370477847755e-05
fld_nolidar_leafoff,3,SSW,6,7,hollow,1.7218622815562412e-05
fld_nolidar_leafoff,3,SSW,7,8,footslope,2.7258653062744997e-05
fld_nolidar_leafoff,3,SSW,8,9,valley,2.9067532523185946e-05
fld_nolidar_leafoff,3,SSW,9,10,pit,4.643119609681889e-06
fld_nolidar_leafoff,3,UPL,0,1,flat,4.440620250534266e-05
fld_nolidar_leafoff,3,UPL,1,2,peak,3.0750402402190957e-06
fld_nolidar_leafoff,3,UPL,2,3,ridge,1.1616849405982066e-05
fld_nolidar_leafoff,3,UPL,3,4,shoulder,1.0552954336162657e-05
fld_nolidar_leafoff,3,UPL,4,5,spur,1.749800685502123e-05
fld_nolidar_leafoff,3,UPL,5,6,slope,4.2853131162701175e-05
fld_nolidar_leafoff,3,UPL,6,7,hollow,1.6982778106466867e-05
fld_nolidar_leafoff,3,UPL,7,8,footslope,3.005114194820635e-05
fld_nolidar_leafoff,3,UPL,8,9,valley,3.937652945751324e-05
fld_nolidar_leafoff,3,UPL,9,10,pit,6.33345825917786e-06
fld_nolidar_leafoff,3,overall,0,1,flat,4.546662967186421e-05
fld_nolidar_leafoff,3,overall,1,2,peak,2.4154442144208588e-06
fld_nolidar_leafoff,3,overall,2,3,ridge,9.403713193023577e-06
fld_nolidar_leafoff,3,overall,3,4,shoulder,8.448339940514416e-06
fld_nolidar_leafoff,3,overall,4,5,spur,1.46206293720752e-05
fld_nolidar_leafoff,3,overall,5,6,slope,3.9120015571825206e-05
fld_nolidar_leafoff,3,overall,6,7,hollow,1.6727544789318927e-05
fld_nolidar_leafoff,3,overall,7,8,footslope,3.04250352201052e-05
fld_nolidar_leafoff,3,overall,8,9,valley,3.733535049832426e-05
fld_nolidar_leafoff,3,overall,9,10,pit,6.970114554860629e-06
fld_nolidar_leafoff,4,EMW,0,1,flat,8.139955752994865e-05
fld_nolidar_leafoff,4,EMW,1,2,peak,3.3154051379824523e-06
fld_nolidar_leafoff,4,EMW,2,3,ridge,1.3799824046145659e-05
fld_nolidar_leafoff,4,EMW,3,4,shoulder,8.523907126800623e-06
fld_nolidar_leafoff,4,EMW,4,5,spur,1.8493225070415065e-05
fld_nolidar_leafoff,4,EMW,5,6,slope,5.76009442738723e-05
fld_nolidar_leafoff,4,EMW,6,7,hollow,2.6547797460807487e-05
fld_nolidar_leafoff,4,EMW,7,8,footslope,5.069807593827136e-05
fld_nolidar_leafoff,4,EMW,8,9,valley,5.553383380174637e-05
fld_nolidar_leafoff,4,EMW,9,10,pit,7.339310741372174e-06
fld_nolidar_leafoff,4,FSW,0,1,flat,6.816608220105991e-05
fld_nolidar_leafoff,4,FSW,1,2,peak,3.2380710308643756e-06
fld_nolidar_leafoff,4,FSW,2,3,ridge,1.3111777661833912e-05
fld_nolidar_leafoff,4,FSW,3,4,shoulder,8.123051884467714e-06
fld_nolidar_leafoff,4,FSW,4,5,spur,1.636013803363312e-05
fld_nolidar_leafoff,4,FSW,5,6,slope,5.2590556151699275e-05
fld_nolidar_leafoff,4,FSW,6,7,hollow,2.623009459057357e-05
fld_nolidar_leafoff,4,FSW,7,8,footslope,4.610152973327786e-05
fld_nolidar_leafoff,4,FSW,8,9,valley,4.921070649288595e-05
fld_nolidar_leafoff,4,FSW,9,10,pit,6.0903489611519035e-06
fld_nolidar_leafoff,4,SSW,0,1,flat,6.930252857273445e-05
fld_nolidar_leafoff,4,SSW,1,2,peak,5.085821157990722e-06
fld_nolidar_leafoff,4,SSW,2,3,ridge,1.745727058732882e-05
fld_nolidar_leafoff,4,SSW,3,4,shoulder,1.0612373444018885e-05
fld_nolidar_leafoff,4,SSW,4,5,spur,2.5280120098614134e-05
fld_nolidar_leafoff,4,SSW,5,6,slope,6.470285734394565e-05
fld_nolidar_leafoff,4,SSW,6,7,hollow,2.671981928870082e-05
fld_nolidar_leafoff,4,SSW,7,8,footslope,4.3977477616863325e-05
fld_nolidar_leafoff,4,SSW,8,9,valley,5.405620322562754e-05
fld_nolidar_leafoff,4,SSW,9,10,pit,7.910332897154149e-06
fld_nolidar_leafoff,4,UPL,0,1,flat,6.0921582189621404e-05
fld_nolidar_leafoff,4,UPL,1,2,peak,5.1274582801852375e-06
fld_nolidar_leafoff,4,UPL,2,3,ridge,1.739030994940549e-05
fld_nolidar_leafoff,4,UPL,3,4,shoulder,1.1286288099654485e-05
fld_nolidar_leafoff,4,UPL,4,5,spur,2.2858159354655072e-05
fld_nolidar_leafoff,4,UPL,5,6,slope,5.721197885577567e-05
fld_nolidar_leafoff,4,UPL,6,7,hollow,2.2485775843961164e-05
fld_nolidar_leafoff,4,UPL,7,8,footslope,3.595440648496151e-05
fld_nolidar_leafoff,4,UPL,8,9,valley,4.826127769774757e-05
fld_nolidar_leafoff,4,UPL,9,10,pit,7.045315669529373e-06
fld_nolidar_leafoff,4,overall,0,1,flat,6.994744035182521e-05
fld_nolidar_leafoff,4,overall,1,2,peak,4.19168873122544e-06
fld_nolidar_leafoff,4,overall,2,3,ridge,1.5439796698046848e-05
fld_nolidar_leafoff,4,overall,3,4,shoulder,9.636404683988076e-06
fld_nolidar_leafoff,4,overall,4,5,spur,2.0747909729834646e-05
fld_nolidar_leafoff,4,overall,5,6,slope,5.802658051834442e-05
fld_nolidar_leafoff,4,overall,6,7,hollow,2.549587225075811e-05
fld_nolidar_leafoff,4,overall,7,8,footslope,4.418287062435411e-05
fld_nolidar_leafoff,4,overall,8,9,valley,5.176550621399656e-05
fld_nolidar_leafoff,4,overall,9,10,pit,7.096326953615062e-06
fld_nolidar_leafon,0,EMW,0,1,flat,9.29882371565327e-05
fld_nolidar_leafon,0,EMW,1,2,peak,2.571687218733132e-06
fld_nolidar_leafon,0,EMW,2,3,ridge,1.630201586522162e-05
fld_nolidar_leafon,0,EMW,3,4,shoulder,1.721464104775805e-05
fld_nolidar_leafon,0,EMW,4,5,spur,2.514471998438239e-05
fld_nolidar_leafon,0,EMW,5,6,slope,6.885858601890504e-05
fld_nolidar_leafon,0,EMW,6,7,hollow,2.9960458050481975e-05
fld_nolidar_leafon,0,EMW,7,8,footslope,5.939627226325683e-05
fld_nolidar_leafon,0,EMW,8,9,valley,6.215073517523706e-05
fld_nolidar_leafon,0,EMW,9,10,pit,1.6652771591907367e-05
fld_nolidar_leafon,0,FSW,0,1,flat,7.91311904322356e-05
fld_nolidar_leafon,0,FSW,1,2,peak,2.6498912575334543e-06
fld_nolidar_leafon,0,FSW,2,3,ridge,1.8612341591506265e-05
fld_nolidar_leafon,0,FSW,3,4,shoulder,1.7019370716298e-05
fld_nolidar_leafon,0,FSW,4,5,spur,2.7199435862712562e-05
fld_nolidar_leafon,0,FSW,5,6,slope,6.995869625825435e-05
fld_nolidar_leafon,0,FSW,6,7,hollow,2.757455877144821e-05
fld_nolidar_leafon,0,FSW,7,8,footslope,5.4622545576421544e-05
fld_nolidar_leafon,0,FSW,8,9,valley,5.4261519835563377e-05
fld_nolidar_leafon,0,FSW,9,10,pit,1.3476237654685974e-05
fld_nolidar_leafon,0,SSW,0,1,flat,4.4717184209730476e-05
fld_nolidar_leafon,0,SSW,1,2,peak,1.48968229041202e-06
fld_nolidar_leafon,0,SSW,2,3,ridge,1.06415700429352e-05
fld_nolidar_leafon,0,SSW,3,4,shoulder,1.8001655917032622e-05
fld_nolidar_leafon,0,SSW,4,5,spur,1.1640257980616298e-05
fld_nolidar_leafon,0,SSW,5,6,slope,3.6007324524689466e-05
fld_nolidar_leafon,0,SSW,6,7,hollow,1.541046003694646e-05
fld_nolidar_leafon,0,SSW,7,8,footslope,3.14310091198422e-05
fld_nolidar_leafon,0,SSW,8,9,valley,2.6979289032169618e-05
fld_nolidar_leafon,0,SSW,9,10,pit,6.4811597439984325e-06
fld_nolidar_leafon,0,UPL,0,1,flat,6.544755160575733e-05
fld_nolidar_leafon,0,UPL,1,2,peak,2.972015636260039e-06
fld_nolidar_leafon,0,UPL,2,3,ridge,2.3071825125953183e-05
fld_nolidar_leafon,0,UPL,3,4,shoulder,3.0623308703070506e-05
fld_nolidar_leafon,0,UPL,4,5,spur,2.235464307887014e-05
fld_nolidar_leafon,0,UPL,5,6,slope,6.41041697235778e-05
fld_nolidar_leafon,0,UPL,6,7,hollow,2.3848771888879128e-05
fld_nolidar_leafon,0,UPL,7,8,footslope,4.518847708823159e-05
fld_nolidar_leafon,0,UPL,8,9,valley,4.240887938067317e-05
fld_nolidar_leafon,0,UPL,9,10,pit,1.0714970812841784e-05
fld_nolidar_leafon,0,overall,0,1,flat,7.057104085106403e-05
fld_nolidar_leafon,0,overall,1,2,peak,2.4208191007346613e-06
fld_nolidar_leafon,0,overall,2,3,ridge,1.7156937246909365e-05
fld_nolidar_leafon,0,overall,3,4,shoulder,2.0714745915029198e-05
fld_nolidar_leafon,0,overall,4,5,spur,2.1584764908766374e-05
fld_nolidar_leafon,0,overall,5,6,slope,5.973219595034607e-05
fld_nolidar_leafon,0,overall,6,7,hollow,2.4198561732191592e-05
fld_nolidar_leafon,0,overall,7,8,footslope,4.765957419294864e-05
fld_nolidar_leafon,0,overall,8,9,valley,4.645010631065816e-05
fld_nolidar_leafon,0,overall,9,10,pit,1.1831285519292578e-05
fld_nolidar_leafon,1,EMW,0,1,flat,7.816650759195909e-05
fld_nolidar_leafon,1,EMW,1,2,peak,3.897944225172978e-06
fld_nolidar_leafon,1,EMW,2,3,ridge,1.210752179758856e-05
fld_nolidar_leafon,1,EMW,3,4,shoulder,1.7613658201298676e-05
fld_nolidar_leafon,1,EMW,4,5,spur,1.5995010471669957e-05
fld_nolidar_leafon,1,EMW,5,6,slope,5.58178398932796e-05
fld_nolidar_leafon,1,EMW,6,7,hollow,1.9979013814008795e-05
fld_nolidar_leafon,1,EMW,7,8,footslope,3.912847023457289e-05
fld_nolidar_leafon,1,EMW,8,9,valley,4.2064813897013664e-05
fld_nolidar_leafon,1,EMW,9,10,pit,6.799819857405964e-06
fld_nolidar_leafon,1,FSW,0,1,flat,7.318024290725589e-05
fld_nolidar_leafon,1,FSW,1,2,peak,3.2223063044511946e-06
fld_nolidar_leafon,1,FSW,2,3,ridge,1.357170822302578e-05
fld_nolidar_leafon,1,FSW,3,4,shoulder,1.4332130376715213e-05
fld_nolidar_leafon,1,FSW,4,5,spur,1.694379716354888e-05
fld_nolidar_leafon,1,FSW,5,6,slope,5.401467205956578e-05
fld_nolidar_leafon,1,FSW,6,7,hollow,2.0765470253536478e-05
fld_nolidar_leafon,1,FSW,7,8,footslope,3.744722198462114e-05
fld_nolidar_leafon,1,FSW,8,9,valley,4.1917719499906525e-05
fld_nolidar_leafon,1,FSW,9,10,pit,5.994558705424424e-06
fld_nolidar_leafon,1,SSW,0,1,flat,7.788742368575186e-05
fld_nolidar_leafon,1,SSW,1,2,peak,4.6459908844553865e-06
fld_nolidar_leafon,1,SSW,2,3,ridge,1.2074588084942661e-05
fld_nolidar_leafon,1,SSW,3,4,shoulder,1.6881851479411125e-05
fld_nolidar_leafon,1,SSW,4,5,spur,1.5048608474899083e-05
fld_nolidar_leafon,1,SSW,5,6,slope,5.8880035794572905e-05
fld_nolidar_leafon,1,SSW,6,7,hollow,2.0174054952804e-05
fld_nolidar_leafon,1,SSW,7,8,footslope,4.27977429353632e-05
fld_nolidar_leafon,1,SSW,8,9,valley,4.094241376151331e-05
fld_nolidar_leafon,1,SSW,9,10,pit,5.619297553494107e-06
fld_nolidar_leafon,1,UPL,0,1,flat,8.775906462687999e-05
fld_nolidar_leafon,1,UPL,1,2,peak,5.733112175221322e-06
fld_nolidar_leafon,1,UPL,2,3,ridge,1.5813722711754963e-05
fld_nolidar_leafon,1,UPL,3,4,shoulder,2.0517680241027847e-05
fld_nolidar_leafon,1,UPL,4,5,spur,1.7707559891277924e-05
fld_nolidar_leafon,1,UPL,5,6,slope,6.632482109125704e-05
fld_nolidar_leafon,1,UPL,6,7,hollow,2.299684456374962e-05
fld_nolidar_leafon,1,UPL,7,8,footslope,4.7399018512805924e-05
fld_nolidar_leafon,1,UPL,8,9,valley,4.696658288594335e-05
fld_nolidar_leafon,1,UPL,9,10,pit,5.813231837237254e-06
fld_nolidar_leafon,1,overall,0,1,flat,7.924831152195111e-05
fld_nolidar_leafon,1,overall,1,2,peak,4.374838226794964e-06
fld_nolidar_leafon,1,overall,2,3,ridge,1.339188474958064e-05
fld_nolidar_leafon,1,overall,3,4,shoulder,1.7336329619865865e-05
fld_nolidar_leafon,1,overall,4,5,spur,1.642374263610691e-05
fld_nolidar_leafon,1,overall,5,6,slope,5.875934220966883e-05
fld_nolidar_leafon,1,overall,6,7,hollow,2.097884498653002e-05
fld_nolidar_leafon,1,overall,7,8,footslope,4.169311432633549e-05
fld_nolidar_leafon,1,overall,8,9,valley,4.297288251109421e-05
fld_nolidar_leafon,1,overall,9,10,pit,6.056727215764113e-06
fld_nolidar_leafon,2,EMW,0,1,flat,3.5809407563647255e-05
fld_nolidar_leafon,2,EMW,1,2,peak,1.0915837265201844e-06
fld_nolidar_leafon,2,EMW,2,3,ridge,5.0092212404706515e-06
fld_nolidar_leafon,2,EMW,3,4,shoulder,3.754438466785359e-06
fld_nolidar_leafon,2,EMW,4,5,spur,6.965906322875526e-06
fld_nolidar_leafon,2,EMW,5,6,slope,2.5735518647707067e-05
fld_nolidar_leafon,2,EMW,6,7,hollow,1.070581674866844e-05
fld_nolidar_leafon,2,EMW,7,8,footslope,2.1576473955065012e-05
fld_nolidar_leafon,2,EMW,8,9,valley,1.9303060980746523e-05
fld_nolidar_leafon,2,EMW,9,10,pit,3.475016228549066e-06
fld_nolidar_leafon,2,FSW,0,1,flat,3.194261807948351e-05
fld_nolidar_leafon,2,FSW,1,2,peak,1.217341264236893e-06
fld_nolidar_leafon,2,FSW,2,3,ridge,5.809511094412301e-06
fld_nolidar_leafon,2,FSW,3,4,shoulder,3.7879362935200334e-06
fld_nolidar_leafon,2,FSW,4,5,spur,7.721693691564724e-06
fld_nolidar_leafon,2,FSW,5,6,slope,3.0554947443306446e-05
fld_nolidar_leafon,2,FSW,6,7,hollow,1.1890888345078565e-05
fld_nolidar_leafon,2,FSW,7,8,footslope,2.1614076104015112e-05
fld_nolidar_leafon,2,FSW,8,9,valley,2.143964229617268e-05
fld_nolidar_leafon,2,FSW,9,10,pit,4.062520929437596e-06
fld_nolidar_leafon,2,SSW,0,1,flat,2.4308721549459733e-05
fld_nolidar_leafon,2,SSW,1,2,peak,8.53285200719256e-07
fld_nolidar_leafon,2,SSW,2,3,ridge,4.09256335842656e-06
fld_nolidar_leafon,2,SSW,3,4,shoulder,3.929929789592279e-06
fld_nolidar_leafon,2,SSW,4,5,spur,5.652957952406723e-06
fld_nolidar_leafon,2,SSW,5,6,slope,2.9699634978896938e-05
fld_nolidar_leafon,2,SSW,6,7,hollow,7.958930837048683e-06
fld_nolidar_leafon,2,SSW,7,8,footslope,1.5708597857155837e-05
fld_nolidar_leafon,2,SSW,8,9,valley,1.2731266906484962e-05
fld_nolidar_leafon,2,SSW,9,10,pit,2.2110150439402787e-06
fld_nolidar_leafon,2,UPL,0,1,flat,3.431866207392886e-05
fld_nolidar_leafon,2,UPL,1,2,peak,1.4370898497872986e-06
fld_nolidar_leafon,2,UPL,2,3,ridge,8.576602340326644e-06
fld_nolidar_leafon,2,UPL,3,4,shoulder,5.873595455341274e-06
fld_nolidar_leafon,2,UPL,4,5,spur,1.1999914931948297e-05
fld_nolidar_leafon,2,UPL,5,6,slope,4.911657379125245e-05
fld_nolidar_leafon,2,UPL,6,7,hollow,1.1178756722074468e-05
fld_nolidar_leafon,2,UPL,7,8,footslope,2.181321724492591e-05
fld_nolidar_leafon,2,UPL,8,9,valley,1.907587102323305e-05
fld_nolidar_leafon,2,UPL,9,10,pit,3.8074442727520363e-06
fld_nolidar_leafon,2,overall,0,1,flat,3.159485277137719e-05
fld_nolidar_leafon,2,overall,1,2,peak,1.1498250387376174e-06
fld_nolidar_leafon,2,overall,2,3,ridge,5.871974281035364e-06
fld_nolidar_leafon,2,overall,3,4,shoulder,4.33647483077948e-06
fld_nolidar_leafon,2,overall,4,5,spur,8.085118679446168e-06
fld_nolidar_leafon,2,overall,5,6,slope,3.3776668715290725e-05
fld_nolidar_leafon,2,overall,6,7,hollow,1.0433597708470188e-05
fld_nolidar_leafon,2,overall,7,8,footslope,2.0178091290290467e-05
fld_nolidar_leafon,2,overall,8,9,valley,1.8137459846911952e-05
fld_nolidar_leafon,2,overall,9,10,pit,3.388999175513163e-06
fld_nolidar_leafon,3,EMW,0,1,flat,4.994949995307252e-05
fld_nolidar_leafon,3,EMW,1,2,peak,2.7613850761554204e-06
fld_nolidar_leafon,3,EMW,2,3,ridge,1.2611843885679264e-05
fld_nolidar_leafon,3,EMW,3,4,shoulder,1.2033699022140354e-05
fld_nolidar_leafon,3,EMW,4,5,spur,1.848911415436305e-05
fld_nolidar_leafon,3,EMW,5,6,slope,5.5317668739007786e-05
fld_nolidar_leafon,3,EMW,6,7,hollow,2.639140802784823e-05
fld_nolidar_leafon,3,EMW,7,8,footslope,3.3726708352332935e-05
fld_nolidar_leafon,3,EMW,8,9,valley,4.102147795492783e-05
fld_nolidar_leafon,3,EMW,9,10,pit,1.1248414011788554e-05
fld_nolidar_leafon,3,FSW,0,1,flat,5.5435317335650325e-05
fld_nolidar_leafon,3,FSW,1,2,peak,2.840201659637387e-06
fld_nolidar_leafon,3,FSW,2,3,ridge,1.2956706996192224e-05
fld_nolidar_leafon,3,FSW,3,4,shoulder,1.2836897440138273e-05
fld_nolidar_leafon,3,FSW,4,5,spur,2.4303155441884883e-05
fld_nolidar_leafon,3,FSW,5,6,slope,6.292432954069227e-05
fld_nolidar_leafon,3,FSW,6,7,hollow,3.216441473341547e-05
fld_nolidar_leafon,3,FSW,7,8,footslope,4.148836887907237e-05
fld_nolidar_leafon,3,FSW,8,9,valley,4.983363760402426e-05
fld_nolidar_leafon,3,FSW,9,10,pit,1.1856014680233784e-05
fld_nolidar_leafon,3,SSW,0,1,flat,6.978145393077284e-05
fld_nolidar_leafon,3,SSW,1,2,peak,4.77685625810409e-06
fld_nolidar_leafon,3,SSW,2,3,ridge,1.547776446386706e-05
fld_nolidar_leafon,3,SSW,3,4,shoulder,1.6339759895345196e-05
fld_nolidar_leafon,3,SSW,4,5,spur,2.032082738878671e-05
fld_nolidar_leafon,3,SSW,5,6,slope,6.639158527832478e-05
fld_nolidar_leafon,3,SSW,6,7,hollow,3.239378202124499e-05
fld_nolidar_leafon,3,SSW,7,8,footslope,4.275533137843013e-05
fld_nolidar_leafon,3,SSW,8,9,valley,4.985560735804029e-05
fld_nolidar_leafon,3,SSW,9,10,pit,1.2004378731944598e-05
fld_nolidar_leafon,3,UPL,0,1,flat,5.3341158491093665e-05
fld_nolidar_leafon,3,UPL,1,2,peak,5.0770036068570334e-06
fld_nolidar_leafon,3,UPL,2,3,ridge,1.625102959224023e-05
fld_nolidar_leafon,3,UPL,3,4,shoulder,1.5190923477348406e-05
fld_nolidar_leafon,3,UPL,4,5,spur,2.1273979655234143e-05
fld_nolidar_leafon,3,UPL,5,6,slope,6.275143095990643e-05
fld_nolidar_leafon,3,UPL,6,7,hollow,2.818226312228944e-05
fld_nolidar_leafon,3,UPL,7,8,footslope,3.273520997026935e-05
fld_nolidar_leafon,3,UPL,8,9,valley,4.2558054701657966e-05
fld_nolidar_leafon,3,UPL,9,10,pit,8.721683116164058e-06
fld_nolidar_leafon,3,overall,0,1,flat,5.712685378966853e-05
fld_nolidar_leafon,3,overall,1,2,peak,3.863861820718739e-06
fld_nolidar_leafon,3,overall,2,3,ridge,1.432433691661572e-05
fld_nolidar_leafon,3,overall,3,4,shoulder,1.4100319276622031e-05
fld_nolidar_leafon,3,overall,4,5,spur,2.10967700695619e-05
fld_nolidar_leafon,3,overall,5,6,slope,6.184625090099871e-05
fld_nolidar_leafon,3,overall,6,7,hollow,2.978296652145218e-05
fld_nolidar_leafon,3,overall,7,8,footslope,3.76764073735103e-05
fld_nolidar_leafon,3,overall,8,9,valley,4.581719258567318e-05
fld_nolidar_leafon,3,overall,9,10,pit,1.09576230897801e-05
fld_nolidar_leafon,4,EMW,0,1,flat,0.00010781290620798245
fld_nolidar_leafon,4,EMW,1,2,peak,5.8704572438728064e-06
fld_nolidar_leafon,4,EMW,2,3,ridge,1.8326447388972156e-05
fld_nolidar_leafon,4,EMW,3,4,shoulder,1.855691516539082e-05
fld_nolidar_leafon,4,EMW,4,5,spur,3.366145392647013e-05
fld_nolidar_leafon,4,EMW,5,6,slope,6.72258174745366e-05
fld_nolidar_leafon,4,EMW,6,7,hollow,2.793420026137028e-05
fld_nolidar_leafon,4,EMW,7,8,footslope,6.300241511780769e-05
fld_nolidar_leafon,4,EMW,8,9,valley,7.129936420824379e-05
fld_nolidar_leafon,4,EMW,9,10,pit,1.0004581781686284e-05
fld_nolidar_leafon,4,FSW,0,1,flat,8.242174226325005e-05
fld_nolidar_leafon,4,FSW,1,2,peak,5.5461746342189144e-06
fld_nolidar_leafon,4,FSW,2,3,ridge,1.9306837202748284e-05
fld_nolidar_leafon,4,FSW,3,4,shoulder,1.4792220099479891e-05
fld_nolidar_leafon,4,FSW,4,5,spur,3.900486262864433e-05
fld_nolidar_leafon,4,FSW,5,6,slope,6.342573033180088e-05
fld_nolidar_leafon,4,FSW,6,7,hollow,2.9465514671755955e-05
fld_nolidar_leafon,4,FSW,7,8,footslope,5.428966323961504e-05
fld_nolidar_leafon,4,FSW,8,9,valley,6.607799150515348e-05
fld_nolidar_leafon,4,FSW,9,10,pit,9.240859981218819e-06
fld_nolidar_leafon,4,SSW,0,1,flat,0.00010053736332338303
fld_nolidar_leafon,4,SSW,1,2,peak,5.469627012644196e-06
fld_nolidar_leafon,4,SSW,2,3,ridge,1.7382704754709266e-05
fld_nolidar_leafon,4,SSW,3,4,shoulder,1.6062729628174566e-05
fld_nolidar_leafon,4,SSW,4,5,spur,2.4360919269383885e-05
fld_nolidar_leafon,4,SSW,5,6,slope,6.343871064018458e-05
fld_nolidar_leafon,4,SSW,6,7,hollow,2.4977609427878633e-05
fld_nolidar_leafon,4,SSW,7,8,footslope,5.6426204537274316e-05
fld_nolidar_leafon,4,SSW,8,9,valley,6.056789425201714e-05
fld_nolidar_leafon,4,SSW,9,10,pit,7.480666681658477e-06
fld_nolidar_leafon,4,UPL,0,1,flat,8.744579099584371e-05
fld_nolidar_leafon,4,UPL,1,2,peak,4.747887032863218e-06
fld_nolidar_leafon,4,UPL,2,3,ridge,1.7649665096541867e-05
fld_nolidar_leafon,4,UPL,3,4,shoulder,1.3338566532183904e-05
fld_nolidar_leafon,4,UPL,4,5,spur,2.5082379579544067e-05
fld_nolidar_leafon,4,UPL,5,6,slope,5.569676432060078e-05
fld_nolidar_leafon,4,UPL,6,7,hollow,2.1084835680085234e-05
fld_nolidar_leafon,4,UPL,7,8,footslope,4.7712717787362635e-05
fld_nolidar_leafon,4,UPL,8,9,valley,5.122034781379625e-05
fld_nolidar_leafon,4,UPL,9,10,pit,6.604512691410491e-06
fld_nolidar_leafon,4,overall,0,1,flat,9.45544452406466e-05
fld_nolidar_leafon,4,overall,1,2,peak,5.408536708273459e-06
fld_nolidar_leafon,4,overall,2,3,ridge,1.8166414520237595e-05
fld_nolidar_leafon,4,overall,3,4,shoulder,1.568760853842832e-05
fld_nolidar_leafon,4,overall,4,5,spur,3.052740066777915e-05
fld_nolidar_leafon,4,overall,5,6,slope,6.244675751077011e-05
fld_nolidar_leafon,4,overall,6,7,hollow,2.586554182926193e-05
fld_nolidar_leafon,4,overall,7,8,footslope,5.5357748351525515e-05
fld_nolidar_leafon,4,overall,8,9,valley,6.229140126379207e-05
fld_nolidar_leafon,4,overall,9,10,pit,8.332655852427706e-06
flddeg_chmret_leafoff,0,EMW,0,1,flat,3.484553599264473e-05
flddeg_chmret_leafoff,0,EMW,1,2,peak,1.5217812006085296e-06
flddeg_chmret_leafoff,0,EMW,2,3,ridge,8.793417691776995e-06
flddeg_chmret_leafoff,0,EMW,3,4,shoulder,9.365043297293596e-06
flddeg_chmret_leafoff,0,EMW,4,5,spur,1.1778034604503773e-05
flddeg_chmret_leafoff,0,EMW,5,6,slope,3.411848592804745e-05
flddeg_chmret_leafoff,0,EMW,6,7,hollow,1.1350422937539406e-05
flddeg_chmret_leafoff,0,EMW,7,8,footslope,2.048541500698775e-05
flddeg_chmret_leafoff,0,EMW,8,9,valley,2.0725428839796223e-05
flddeg_chmret_leafoff,0,EMW,9,10,pit,6.284725714067463e-06
flddeg_chmret_leafoff,0,FSW,0,1,flat,3.8058977224864066e-05
flddeg_chmret_leafoff,0,FSW,1,2,peak,1.493993522672099e-06
flddeg_chmret_leafoff,0,FSW,2,3,ridge,9.039215001394041e-06
flddeg_chmret_leafoff,0,FSW,3,4,shoulder,9.991619663196616e-06
flddeg_chmret_leafoff,0,FSW,4,5,spur,1.2818539289582986e-05
flddeg_chmret_leafoff,0,FSW,5,6,slope,3.6300174542702734e-05
flddeg_chmret_leafoff,0,FSW,6,7,hollow,1.239000994246453e-05
flddeg_chmret_leafoff,0,FSW,7,8,footslope,2.3695934942224994e-05
flddeg_chmret_leafoff,0,FSW,8,9,valley,2.510585545678623e-05
flddeg_chmret_leafoff,0,FSW,9,10,pit,7.192623797891429e-06
flddeg_chmret_leafoff,0,SSW,0,1,flat,3.897312126355246e-05
flddeg_chmret_leafoff,0,SSW,1,2,peak,2.2223289306566585e-06
flddeg_chmret_leafoff,0,SSW,2,3,ridge,1.3787555872113444e-05
flddeg_chmret_leafoff,0,SSW,3,4,shoulder,1.1940446711378172e-05
flddeg_chmret_leafoff,0,SSW,4,5,spur,1.4742234270670451e-05
flddeg_chmret_leafoff,0,SSW,5,6,slope,4.777103822561912e-05
flddeg_chmret_leafoff,0,SSW,6,7,hollow,1.2230785614519846e-05
flddeg_chmret_leafoff,0,SSW,7,8,footslope,2.432019027764909e-05
flddeg_chmret_leafoff,0,SSW,8,9,valley,2.067392779281363e-05
flddeg_chmret_leafoff,0,SSW,9,10,pit,4.91968330607051e-06
flddeg_chmret_leafoff,0,UPL,0,1,flat,2.633443000377156e-05
flddeg_chmret_leafoff,0,UPL,1,2,peak,2.2795725271862466e-06
flddeg_chmret_leafoff,0,UPL,2,3,ridge,1.197504207084421e-05
flddeg_chmret_leafoff,0,UPL,3,4,shoulder,9.736481842992362e-06
flddeg_chmret_leafoff,0,UPL,4,5,spur,1.1365462341927923e-05
flddeg_chmret_leafoff,0,UPL,5,6,slope,3.2377713068854064e-05
flddeg_chmret_leafoff,0,UPL,6,7,hollow,8.676410288899206e-06
flddeg_chmret_leafoff,0,UPL,7,8,footslope,1.7036281860782765e-05
flddeg_chmret_leafoff,0,UPL,8,9,valley,1.734469333314337e-05
flddeg_chmret_leafoff,0,UPL,9,10,pit,5.439625510916812e-06
flddeg_chmret_leafoff,0,overall,0,1,flat,3.4553017030702904e-05
flddeg_chmret_leafoff,0,overall,1,2,peak,1.8794190737025929e-06
flddeg_chmret_leafoff,0,overall,2,3,ridge,1.0898807886405848e-05
flddeg_chmret_leafoff,0,overall,3,4,shoulder,1.0258398106088862e-05
flddeg_chmret_leafoff,0,overall,4,5,spur,1.2676067854044959e-05
flddeg_chmret_leafoff,0,overall,5,6,slope,3.7641853850800544e-05
flddeg_chmret_leafoff,0,overall,6,7,hollow,1.116190651373472e-05
flddeg_chmret_leafoff,0,overall,7,8,footslope,2.13844559766585e-05
flddeg_chmret_leafoff,0,overall,8,9,valley,2.0962477719876915e-05
flddeg_chmret_leafoff,0,overall,9,10,pit,5.959164809610229e-06
flddeg_chmret_leafoff,1,EMW,0,1,flat,5.245337888482027e-05
flddeg_chmret_leafoff,1,EMW,1,2,peak,1.90962896340352e-06
flddeg_chmret_leafoff,1,EMW,2,3,ridge,1.011222593660932e-05
flddeg_chmret_leafoff,1,EMW,3,4,shoulder,7.406938493659254e-06
flddeg_chmret_leafoff,1,EMW,4,5,spur,1.0871421181946062e-05
flddeg_chmret_leafoff,1,EMW,5,6,slope,3.307541919639334e-05
flddeg_chmret_leafoff,1,EMW,6,7,hollow,1.2769824024871923e-05
flddeg_chmret_leafoff,1,EMW,7,8,footslope,2.1714537069783546e-05
flddeg_chmret_leafoff,1,EMW,8,9,valley,2.0330724510131404e-05
flddeg_chmret_leafoff,1,EMW,9,10,pit,3.872997240250697e-06
flddeg_chmret_leafoff,1,FSW,0,1,flat,5.821900049340911e-05
flddeg_chmret_leafoff,1,FSW,1,2,peak,2.975707957375562e-06
flddeg_chmret_leafoff,1,FSW,2,3,ridge,1.893767148430925e-05
flddeg_chmret_leafoff,1,FSW,3,4,shoulder,1.1593303497647867e-05
flddeg_chmret_leafoff,1,FSW,4,5,spur,1.711750155664049e-05
flddeg_chmret_leafoff,1,FSW,5,6,slope,4.781157986144535e-05
flddeg_chmret_leafoff,1,FSW,6,7,hollow,1.9344188331160694e-05
flddeg_chmret_leafoff,1,FSW,7,8,footslope,3.1857623980613425e-05
flddeg_chmret_leafoff,1,FSW,8,9,valley,3.41462655342184e-05
flddeg_chmret_leafoff,1,FSW,9,10,pit,8.12279358797241e-06
flddeg_chmret_leafoff,1,SSW,0,1,flat,4.863186040893197e-05
flddeg_chmret_leafoff,1,SSW,1,2,peak,2.130871735062101e-06
flddeg_chmret_leafoff,1,SSW,2,3,ridge,1.213167342939414e-05
flddeg_chmret_leafoff,1,SSW,3,4,shoulder,9.080523341253866e-06
flddeg_chmret_leafoff,1,SSW,4,5,spur,1.2050975783495232e-05
flddeg_chmret_leafoff,1,SSW,5,6,slope,4.270492718205787e-05
flddeg_chmret_leafoff,1,SSW,6,7,hollow,1.5506233467021957e-05
flddeg_chmret_leafoff,1,SSW,7,8,footslope,2.3704764316789806e-05
flddeg_chmret_leafoff,1,SSW,8,9,valley,2.4620840122224763e-05
flddeg_chmret_leafoff,1,SSW,9,10,pit,5.129787041369127e-06
flddeg_chmret_leafoff,1,UPL,0,1,flat,3.6355912016006187e-05
flddeg_chmret_leafoff,1,UPL,1,2,peak,2.3920972580526723e-06
flddeg_chmret_leafoff,1,UPL,2,3,ridge,9.622018296795432e-06
flddeg_chmret_leafoff,1,UPL,3,4,shoulder,7.640077456017025e-06
flddeg_chmret_leafoff,1,UPL,4,5,spur,9.86164559435565e-06
flddeg_chmret_leafoff,1,UPL,5,6,slope,3.1352312362287194e-05
flddeg_chmret_leafoff,1,UPL,6,7,hollow,1.0429002941236831e-05
flddeg_chmret_leafoff,1,UPL,7,8,footslope,1.8663025912246667e-05
flddeg_chmret_leafoff,1,UPL,8,9,valley,1.546795101603493e-05
flddeg_chmret_leafoff,1,UPL,9,10,pit,2.944197603937937e-06
flddeg_chmret_leafoff,1,overall,0,1,flat,4.891503704129718e-05
flddeg_chmret_leafoff,1,overall,1,2,peak,2.3520765353168827e-06
flddeg_chmret_leafoff,1,overall,2,3,ridge,1.270089705940336e-05
flddeg_chmret_leafoff,1,overall,3,4,shoulder,8.930210242397152e-06
flddeg_chmret_leafoff,1,overall,4,5,spur,1.2475386029109359e-05
flddeg_chmret_leafoff,1,overall,5,6,slope,3.873605601256713e-05
flddeg_chmret_leafoff,1,overall,6,7,hollow,1.4512312191072851e-05
flddeg_chmret_leafoff,1,overall,7,8,footslope,2.3984988729353063e-05
flddeg_chmret_leafoff,1,overall,8,9,valley,2.3641445295652375e-05
flddeg_chmret_leafoff,1,overall,9,10,pit,5.017443982069381e-06
flddeg_chmret_leafoff,2,EMW,0,1,flat,3.455459955148399e-05
flddeg_chmret_leafoff,2,EMW,1,2,peak,2.095492391163134e-06
flddeg_chmret_leafoff,2,EMW,2,3,ridge,7.230463779706042e-06
flddeg_chmret_leafoff,2,EMW,3,4,shoulder,4.267466465535108e-06
flddeg_chmret_leafoff,2,EMW,4,5,spur,8.749859262024984e-06
flddeg_chmret_leafoff,2,EMW,5,6,slope,3.066686258534901e-05
flddeg_chmret_leafoff,2,EMW,6,7,hollow,1.1899691344297025e-05
flddeg_chmret_leafoff,2,EMW,7,8,footslope,1.9351329683559015e-05
flddeg_chmret_leafoff,2,EMW,8,9,valley,1.8841767086996697e-05
flddeg_chmret_leafoff,2,EMW,9,10,pit,3.6933179217157885e-06
flddeg_chmret_leafoff,2,FSW,0,1,flat,4.52765088994056e-05
flddeg_chmret_leafoff,2,FSW,1,2,peak,4.331440322857816e-06
flddeg_chmret_leafoff,2,FSW,2,3,ridge,1.4554333574778866e-05
flddeg_chmret_leafoff,2,FSW,3,4,shoulder,7.583053047710564e-06
flddeg_chmret_leafoff,2,FSW,4,5,spur,1.5787956726853736e-05
flddeg_chmret_leafoff,2,FSW,5,6,slope,5.19159875693731e-05
flddeg_chmret_leafoff,2,FSW,6,7,hollow,1.889102532004472e-05
flddeg_chmret_leafoff,2,FSW,7,8,footslope,2.9549690225394443e-05
flddeg_chmret_leafoff,2,FSW,8,9,valley,3.3300490031251684e-05
flddeg_chmret_leafoff,2,FSW,9,10,pit,8.735993105801754e-06
flddeg_chmret_leafoff,2,SSW,0,1,flat,3.636803012341261e-05
flddeg_chmret_leafoff,2,SSW,1,2,peak,3.2507873584108893e-06
flddeg_chmret_leafoff,2,SSW,2,3,ridge,1.070929465640802e-05
flddeg_chmret_leafoff,2,SSW,3,4,shoulder,5.864976174052572e-06
flddeg_chmret_leafoff,2,SSW,4,5,spur,1.225511368829757e-05
flddeg_chmret_leafoff,2,SSW,5,6,slope,4.3942116462858394e-05
flddeg_chmret_leafoff,2,SSW,6,7,hollow,1.4486668987956364e-05
flddeg_chmret_leafoff,2,SSW,7,8,footslope,2.2776699552196078e-05
flddeg_chmret_leafoff,2,SSW,8,9,valley,2.116812174790539e-05
flddeg_chmret_leafoff,2,SSW,9,10,pit,3.979791472374927e-06
flddeg_chmret_leafoff,2,UPL,0,1,flat,3.0075174436205998e-05
flddeg_chmret_leafoff,2,UPL,1,2,peak,4.092606104677543e-06
flddeg_chmret_leafoff,2,UPL,2,3,ridge,1.2261688425496686e-05
flddeg_chmret_leafoff,2,UPL,3,4,shoulder,6.596708317374578e-06
flddeg_chmret_leafoff,2,UPL,4,5,spur,1.3727624718740117e-05
flddeg_chmret_leafoff,2,UPL,5,6,slope,4.660828926716931e-05
flddeg_chmret_leafoff,2,UPL,6,7,hollow,1.4666846254840493e-05
flddeg_chmret_leafoff,2,UPL,7,8,footslope,1.6616922948742285e-05
flddeg_chmret_leafoff,2,UPL,8,9,valley,1.9243494534748606e-05
flddeg_chmret_leafoff,2,UPL,9,10,pit,4.003147296316456e-06
flddeg_chmret_leafoff,2,overall,0,1,flat,3.656857734313235e-05
flddeg_chmret_leafoff,2,overall,1,2,peak,3.4425816011207644e-06
flddeg_chmret_leafoff,2,overall,2,3,ridge,1.1188944881723728e-05
flddeg_chmret_leafoff,2,overall,3,4,shoulder,6.078051228541881e-06
flddeg_chmret_leafoff,2,overall,4,5,spur,1.2630139281100128e-05
flddeg_chmret_leafoff,2,overall,5,6,slope,4.328331124270335e-05
flddeg_chmret_leafoff,2,overall,6,7,hollow,1.498605797678465e-05
flddeg_chmret_leafoff,2,overall,7,8,footslope,2.2073661966715008e-05
flddeg_chmret_leafoff,2,overall,8,9,valley,2.3138469259720296e-05
flddeg_chmret_leafoff,2,overall,9,10,pit,5.103062903799582e-06
flddeg_chmret_leafoff,3,EMW,0,1,flat,1.483366941101849e-05
flddeg_chmret_leafoff,3,EMW,1,2,peak,1.037094421008078e-06
flddeg_chmret_leafoff,3,EMW,2,3,ridge,4.4646581045526545e-06
flddeg_chmret_leafoff,3,EMW,3,4,shoulder,4.384472958918195e-06
flddeg_chmret_leafoff,3,EMW,4,5,spur,5.753131063102046e-06
flddeg_chmret_leafoff,3,EMW,5,6,slope,1.626963057788089e-05
flddeg_chmret_leafoff,3,EMW,6,7,hollow,7.3576316026446875e-06
flddeg_chmret_leafoff,3,EMW,7,8,footslope,1.1205857845197897e-05
flddeg_chmret_leafoff,3,EMW,8,9,valley,1.2480764780775644e-05
flddeg_chmret_leafoff,3,EMW,9,10,pit,2.916833182098344e-06
flddeg_chmret_leafoff,3,FSW,0,1,flat,2.168262653867714e-05
flddeg_chmret_leafoff,3,FSW,1,2,peak,3.1450551887246547e-06
flddeg_chmret_leafoff,3,FSW,2,3,ridge,9.677000889496412e-06
flddeg_chmret_leafoff,3,FSW,3,4,shoulder,7.739365173620172e-06
flddeg_chmret_leafoff,3,FSW,4,5,spur,1.631572376936674e-05
flddeg_chmret_leafoff,3,FSW,5,6,slope,3.052004467463121e-05
flddeg_chmret_leafoff,3,FSW,6,7,hollow,1.4295214896264952e-05
flddeg_chmret_leafoff,3,FSW,7,8,footslope,1.795509524527006e-05
flddeg_chmret_leafoff,3,FSW,8,9,valley,1.9412636902416125e-05
flddeg_chmret_leafoff,3,FSW,9,10,pit,5.928066002525156e-06
flddeg_chmret_leafoff,3,SSW,0,1,flat,2.072079587378539e-05
flddeg_chmret_leafoff,3,SSW,1,2,peak,1.319128728027863e-06
flddeg_chmret_leafoff,3,SSW,2,3,ridge,6.8734525484615006e-06
flddeg_chmret_leafoff,3,SSW,3,4,shoulder,4.989800345356343e-06
flddeg_chmret_leafoff,3,SSW,4,5,spur,8.574126695748419e-06
flddeg_chmret_leafoff,3,SSW,5,6,slope,2.374808900640346e-05
flddeg_chmret_leafoff,3,SSW,6,7,hollow,9.46477575780591e-06
flddeg_chmret_leafoff,3,SSW,7,8,footslope,1.3642151316162199e-05
flddeg_chmret_leafoff,3,SSW,8,9,valley,1.3537141967390198e-05
flddeg_chmret_leafoff,3,SSW,9,10,pit,2.600952257125755e-06
flddeg_chmret_leafoff,3,UPL,0,1,flat,1.8287599232280627e-05
flddeg_chmret_leafoff,3,UPL,1,2,peak,2.306792566741933e-06
flddeg_chmret_leafoff,3,UPL,2,3,ridge,9.330293323728256e-06
flddeg_chmret_leafoff,3,UPL,3,4,shoulder,6.776642294425983e-06
flddeg_chmret_leafoff,3,UPL,4,5,spur,1.2945073649461847e-05
flddeg_chmret_leafoff,3,UPL,5,6,slope,2.8621943783946335e-05
flddeg_chmret_leafoff,3,UPL,6,7,hollow,9.45937426877208e-06
flddeg_chmret_leafoff,3,UPL,7,8,footslope,1.2763998711307067e-05
flddeg_chmret_leafoff,3,UPL,8,9,valley,1.4930150427971967e-05
flddeg_chmret_leafoff,3,UPL,9,10,pit,3.853328507830156e-06
flddeg_chmret_leafoff,3,overall,0,1,flat,1.888117185444571e-05
flddeg_chmret_leafoff,3,overall,1,2,peak,1.952017782969051e-06
flddeg_chmret_leafoff,3,overall,2,3,ridge,7.5863513302465435e-06
flddeg_chmret_leafoff,3,overall,3,4,shoulder,5.97256985201966e-06
flddeg_chmret_leafoff,3,overall,4,5,spur,1.089701345335925e-05
flddeg_chmret_leafoff,3,overall,5,6,slope,2.478992610122077e-05
flddeg_chmret_leafoff,3,overall,6,7,hollow,1.0144249245058745e-05
flddeg_chmret_leafoff,3,overall,7,8,footslope,1.3891775779484306e-05
flddeg_chmret_leafoff,3,overall,8,9,valley,1.509017420175951e-05
flddeg_chmret_leafoff,3,overall,9,10,pit,3.824794930551434e-06
flddeg_chmret_leafoff,4,EMW,0,1,flat,3.2004481909098104e-05
flddeg_chmret_leafoff,4,EMW,1,2,peak,1.6291787687805481e-06
flddeg_chmret_leafoff,4,EMW,2,3,ridge,6.110457434260752e-06
flddeg_chmret_leafoff,4,EMW,3,4,shoulder,3.652622126537608e-06
flddeg_chmret_leafoff,4,EMW,4,5,spur,9.347580999019556e-06
flddeg_chmret_leafoff,4,EMW,5,6,slope,2.1207317331572995e-05
flddeg_chmret_leafoff,4,EMW,6,7,hollow,1.10600676634931e-05
flddeg_chmret_leafoff,4,EMW,7,8,footslope,1.7201598893734626e-05
flddeg_chmret_leafoff,4,EMW,8,9,valley,1.9231672922614962e-05
flddeg_chmret_leafoff,4,EMW,9,10,pit,2.957823198812548e-06
flddeg_chmret_leafoff,4,FSW,0,1,flat,3.864514656015672e-05
flddeg_chmret_leafoff,4,FSW,1,2,peak,2.924826503658551e-06
flddeg_chmret_leafoff,4,FSW,2,3,ridge,1.3451147424348164e-05
flddeg_chmret_leafoff,4,FSW,3,4,shoulder,7.886261300882325e-06
flddeg_chmret_leafoff,4,FSW,4,5,spur,1.7665848645265214e-05
flddeg_chmret_leafoff,4,FSW,5,6,slope,3.92366164305713e-05
flddeg_chmret_leafoff,4,FSW,6,7,hollow,2.0611916625057347e-05
flddeg_chmret_leafoff,4,FSW,7,8,footslope,2.588280403870158e-05
flddeg_chmret_leafoff,4,FSW,8,9,valley,3.2368556276196614e-05
flddeg_chmret_leafoff,4,FSW,9,10,pit,3.987341642641695e-06
flddeg_chmret_leafoff,4,SSW,0,1,flat,3.962688788305968e-05
flddeg_chmret_leafoff,4,SSW,1,2,peak,1.7348831988783786e-06
flddeg_chmret_leafoff,4,SSW,2,3,ridge,6.87820784150972e-06
flddeg_chmret_leafoff,4,SSW,3,4,shoulder,4.94119285576744e-06
flddeg_chmret_leafoff,4,SSW,4,5,spur,9.79006290435791e-06
flddeg_chmret_leafoff,4,SSW,5,6,slope,2.6042933313874528e-05
flddeg_chmret_leafoff,4,SSW,6,7,hollow,1.3110349755152129e-05
flddeg_chmret_leafoff,4,SSW,7,8,footslope,2.1928750356892124e-05
flddeg_chmret_leafoff,4,SSW,8,9,valley,2.29318393394351e-05
flddeg_chmret_leafoff,4,SSW,9,10,pit,2.408085947536165e-06
flddeg_chmret_leafoff,4,UPL,0,1,flat,3.206722976756282e-05
flddeg_chmret_leafoff,4,UPL,1,2,peak,2.8676490728685167e-06
flddeg_chmret_leafoff,4,UPL,2,3,ridge,1.087691452994477e-05
flddeg_chmret_leafoff,4,UPL,3,4,shoulder,6.473993380495813e-06
flddeg_chmret_leafoff,4,UPL,4,5,spur,1.2271446394152008e-05
flddeg_chmret_leafoff,4,UPL,5,6,slope,2.7728860004572198e-05
flddeg_chmret_leafoff,4,UPL,6,7,hollow,1.4283921700553037e-05
flddeg_chmret_leafoff,4,UPL,7,8,footslope,2.022193257289473e-05
flddeg_chmret_leafoff,4,UPL,8,9,valley,2.315003985131625e-05
flddeg_chmret_leafoff,4,UPL,9,10,pit,3.5781861242867308e-06
flddeg_chmret_leafoff,4,overall,0,1,flat,3.558593743946403e-05
flddeg_chmret_leafoff,4,overall,1,2,peak,2.2891344997333363e-06
flddeg_chmret_leafoff,4,overall,2,3,ridge,9.32918192120269e-06
flddeg_chmret_leafoff,4,overall,3,4,shoulder,5.7385177569813095e-06
flddeg_chmret_leafoff,4,overall,4,5,spur,1.2268734280951321e-05
flddeg_chmret_leafoff,4,overall,5,6,slope,2.8553931770147756e-05
flddeg_chmret_leafoff,4,overall,6,7,hollow,1.4766563253942877e-05
flddeg_chmret_leafoff,4,overall,7,8,footslope,2.1308771465555765e-05
flddeg_chmret_leafoff,4,overall,8,9,valley,2.4420527552138083e-05
flddeg_chmret_leafoff,4,overall,9,10,pit,3.232859171475866e-06
nwi_chmret_leafoff,0,EMW,0,1,flat,1.8745922716334462e-05
nwi_chmret_leafoff,0,EMW,1,2,peak,5.455726181935461e-07
nwi_chmret_leafoff,0,EMW,2,3,ridge,3.7462209547811653e-06
nwi_chmret_leafoff,0,EMW,3,4,shoulder,3.685884848891874e-06
nwi_chmret_leafoff,0,EMW,4,5,spur,4.405519121064572e-06
nwi_chmret_leafoff,0,EMW,5,6,slope,1.2006881661363877e-05
nwi_chmret_leafoff,0,EMW,6,7,hollow,4.170718966634013e-06
nwi_chmret_leafoff,0,EMW,7,8,footslope,1.1235282727284357e-05
nwi_chmret_leafoff,0,EMW,8,9,valley,8.387064553971868e-06
nwi_chmret_leafoff,0,EMW,9,10,pit,1.1381562217138708e-06
nwi_chmret_leafoff,0,FSW,0,1,flat,1.9969240383943543e-05
nwi_chmret_leafoff,0,FSW,1,2,peak,7.443944127771829e-07
nwi_chmret_leafoff,0,FSW,2,3,ridge,4.913460998068331e-06
nwi_chmret_leafoff,0,FSW,3,4,shoulder,4.583319423545618e-06
nwi_chmret_leafoff,0,FSW,4,5,spur,4.951698429067619e-06
nwi_chmret_leafoff,0,FSW,5,6,slope,1.3519895219360478e-05
nwi_chmret_leafoff,0,FSW,6,7,hollow,5.5970303947106e-06
nwi_chmret_leafoff,0,FSW,7,8,footslope,1.872651046141982e-05
nwi_chmret_leafoff,0,FSW,8,9,valley,1.5576035366393626e-05
nwi_chmret_leafoff,0,FSW,9,10,pit,2.481524688846548e-06
nwi_chmret_leafoff,0,SSW,0,1,flat,1.2655889804591425e-05
nwi_chmret_leafoff,0,SSW,1,2,peak,5.597078143182443e-07
nwi_chmret_leafoff,0,SSW,2,3,ridge,4.390135927678784e-06
nwi_chmret_leafoff,0,SSW,3,4,shoulder,3.097500666626729e-06
nwi_chmret_leafoff,0,SSW,4,5,spur,3.6878893752145814e-06
nwi_chmret_leafoff,0,SSW,5,6,slope,1.2320740097493399e-05
nwi_chmret_leafoff,0,SSW,6,7,hollow,3.979188022640301e-06
nwi_chmret_leafoff,0,SSW,7,8,footslope,1.0597777873044834e-05
nwi_chmret_leafoff,0,SSW,8,9,valley,9.926673556037713e-06
nwi_chmret_leafoff,0,SSW,9,10,pit,2.987218067573849e-06
nwi_chmret_leafoff,0,UPL,0,1,flat,3.1574196327710524e-05
nwi_chmret_leafoff,0,UPL,1,2,peak,8.567964187022881e-07
nwi_chmret_leafoff,0,UPL,2,3,ridge,6.177064733492443e-06
nwi_chmret_leafoff,0,UPL,3,4,shoulder,5.350020728656091e-06
nwi_chmret_leafoff,0,UPL,4,5,spur,5.2602945288526826e-06
nwi_chmret_leafoff,0,UPL,5,6,slope,2.0154691810603254e-05
nwi_chmret_leafoff,0,UPL,6,7,hollow,7.924669262138195e-06
nwi_chmret_leafoff,0,UPL,7,8,footslope,2.054493779723998e-05
nwi_chmret_leafoff,0,UPL,8,9,valley,1.4377294064615853e-05
nwi_chmret_leafoff,0,UPL,9,10,pit,3.282274064986268e-06
nwi_chmret_leafoff,0,overall,0,1,flat,2.0736311853397638e-05
nwi_chmret_leafoff,0,overall,1,2,peak,6.766177875761059e-07
nwi_chmret_leafoff,0,overall,2,3,ridge,4.8067204261315055e-06
nwi_chmret_leafoff,0,overall,3,4,shoulder,4.179181360086659e-06
nwi_chmret_leafoff,0,overall,4,5,spur,4.5763504203932825e-06
nwi_chmret_leafoff,0,overall,5,6,slope,1.4500552424578927e-05
nwi_chmret_leafoff,0,overall,6,7,hollow,5.417901775217615e-06
nwi_chmret_leafoff,0,overall,7,8,footslope,1.52761276694946e-05
nwi_chmret_leafoff,0,overall,8,9,valley,1.2066766430507414e-05
nwi_chmret_leafoff,0,overall,9,10,pit,2.4722930902498774e-06
nwi_chmret_leafoff,1,EMW,0,1,flat,3.7831290683243424e-05
nwi_chmret_leafoff,1,EMW,1,2,peak,1.229373424393998e-06
nwi_chmret_leafoff,1,EMW,2,3,ridge,5.766688445874024e-06
nwi_chmret_leafoff,1,EMW,3,4,shoulder,7.89651858212892e-06
nwi_chmret_leafoff,1,EMW,4,5,spur,6.774447683710605e-06
nwi_chmret_leafoff,1,EMW,5,6,slope,2.1602136257570237e-05
nwi_chmret_leafoff,1,EMW,6,7,hollow,8.06340995040955e-06
nwi_chmret_leafoff,1,EMW,7,8,footslope,1.6766094631748274e-05
nwi_chmret_leafoff,1,EMW,8,9,valley,1.1302196980977897e-05
nwi_chmret_leafoff,1,EMW,9,10,pit,1.998694187932415e-06
nwi_chmret_leafoff,1,FSW,0,1,flat,4.397344309836626e-05
nwi_chmret_leafoff,1,FSW,1,2,peak,1.8110513337887824e-06
nwi_chmret_leafoff,1,FSW,2,3,ridge,6.5887870732694864e-06
nwi_chmret_leafoff,1,FSW,3,4,shoulder,9.98615814751247e-06
nwi_chmret_leafoff,1,FSW,4,5,spur,9.97436472971458e-06
nwi_chmret_leafoff,1,FSW,5,6,slope,2.924082218669355e-05
nwi_chmret_leafoff,1,FSW,6,7,hollow,1.3123679309501313e-05
nwi_chmret_leafoff,1,FSW,7,8,footslope,2.2167081624502316e-05
nwi_chmret_leafoff,1,FSW,8,9,valley,1.3144080185156781e-05
nwi_chmret_leafoff,1,FSW,9,10,pit,2.440532171021914e-06
nwi_chmret_leafoff,1,SSW,0,1,flat,2.6637446353561245e-05
nwi_chmret_leafoff,1,SSW,1,2,peak,1.4042192333363346e-06
nwi_chmret_leafoff,1,SSW,2,3,ridge,5.270033852866618e-06
nwi_chmret_leafoff,1,SSW,3,4,shoulder,5.725581559090642e-06
nwi_chmret_leafoff,1,SSW,4,5,spur,7.593520422233269e-06
nwi_chmret_leafoff,1,SSW,5,6,slope,1.9864166461047716e-05
nwi_chmret_leafoff,1,SSW,6,7,hollow,9.929851330525707e-06
nwi_chmret_leafoff,1,SSW,7,8,footslope,1.6172449250007048e-05
nwi_chmret_leafoff,1,SSW,8,9,valley,1.065263495547697e-05
nwi_chmret_leafoff,1,SSW,9,10,pit,2.050384637186653e-06
nwi_chmret_leafoff,1,UPL,0,1,flat,3.4986063838005066e-05
nwi_chmret_leafoff,1,UPL,1,2,peak,1.9918147700082045e-06
nwi_chmret_leafoff,1,UPL,2,3,ridge,6.1747850850224495e-06
nwi_chmret_leafoff,1,UPL,3,4,shoulder,8.592710400989745e-06
nwi_chmret_leafoff,1,UPL,4,5,spur,8.053356395976152e-06
nwi_chmret_leafoff,1,UPL,5,6,slope,2.2415702915168367e-05
nwi_chmret_leafoff,1,UPL,6,7,hollow,1.3027360182604752e-05
nwi_chmret_leafoff,1,UPL,7,8,footslope,1.711048389552161e-05
nwi_chmret_leafoff,1,UPL,8,9,valley,1.378293200104963e-05
nwi_chmret_leafoff,1,UPL,9,10,pit,2.401348865532782e-06
nwi_chmret_leafoff,1,overall,0,1,flat,3.585706144804135e-05
nwi_chmret_leafoff,1,overall,1,2,peak,1.6091147472252487e-06
nwi_chmret_leafoff,1,overall,2,3,ridge,5.950073500571307e-06
nwi_chmret_leafoff,1,overall,3,4,shoulder,8.050242286117282e-06
nwi_chmret_leafoff,1,overall,4,5,spur,8.098922080534976e-06
nwi_chmret_leafoff,1,overall,5,6,slope,2.3280706955119967e-05
nwi_chmret_leafoff,1,overall,6,7,hollow,1.1036076102755032e-05
nwi_chmret_leafoff,1,overall,7,8,footslope,1.805402644095011e-05
nwi_chmret_leafoff,1,overall,8,9,valley,1.2220461940160021e-05
nwi_chmret_leafoff,1,overall,9,10,pit,2.22274002226186e-06
nwi_chmret_leafoff,2,EMW,0,1,flat,3.5376320738578215e-05
nwi_chmret_leafoff,2,EMW,1,2,peak,2.32813908951357e-06
nwi_chmret_leafoff,2,EMW,2,3,ridge,6.992980161157902e-06
nwi_chmret_leafoff,2,EMW,3,4,shoulder,5.360652721719816e-06
nwi_chmret_leafoff,2,EMW,4,5,spur,1.0101901352754794e-05
nwi_chmret_leafoff,2,EMW,5,6,slope,3.541023033903912e-05
nwi_chmret_leafoff,2,EMW,6,7,hollow,1.2184246770630125e-05
nwi_chmret_leafoff,2,EMW,7,8,footslope,2.5043467758223414e-05
nwi_chmret_leafoff,2,EMW,8,9,valley,1.65887668117648e-05
nwi_chmret_leafoff,2,EMW,9,10,pit,2.546019914007047e-06
nwi_chmret_leafoff,2,FSW,0,1,flat,3.4111646527890116e-05
nwi_chmret_leafoff,2,FSW,1,2,peak,2.2993660877546063e-06
nwi_chmret_leafoff,2,FSW,2,3,ridge,8.357566002814565e-06
nwi_chmret_leafoff,2,FSW,3,4,shoulder,6.743310223100707e-06
nwi_chmret_leafoff,2,FSW,4,5,spur,1.1310271474940237e-05
nwi_chmret_leafoff,2,FSW,5,6,slope,4.345921479398385e-05
nwi_chmret_leafoff,2,FSW,6,7,hollow,1.39024432428414e-05
nwi_chmret_leafoff,2,FSW,7,8,footslope,3.142476634820923e-05
nwi_chmret_leafoff,2,FSW,8,9,valley,2.2789608919993043e-05
nwi_chmret_leafoff,2,FSW,9,10,pit,4.578038897307124e-06
nwi_chmret_leafoff,2,SSW,0,1,flat,2.1837829990545288e-05
nwi_chmret_leafoff,2,SSW,1,2,peak,1.2915238585264888e-06
nwi_chmret_leafoff,2,SSW,2,3,ridge,4.5739352572127245e-06
nwi_chmret_leafoff,2,SSW,3,4,shoulder,3.574534275685437e-06
nwi_chmret_leafoff,2,SSW,4,5,spur,6.509107151941862e-06
nwi_chmret_leafoff,2,SSW,5,6,slope,2.415981907688547e-05
nwi_chmret_leafoff,2,SSW,6,7,hollow,7.729924618615769e-06
nwi_chmret_leafoff,2,SSW,7,8,footslope,1.397635969624389e-05
nwi_chmret_leafoff,2,SSW,8,9,valley,1.1602114682318643e-05
nwi_chmret_leafoff,2,SSW,9,10,pit,2.2253357201407198e-06
nwi_chmret_leafoff,2,UPL,0,1,flat,2.9151840863050893e-05
nwi_chmret_leafoff,2,UPL,1,2,peak,2.543392383813625e-06
nwi_chmret_leafoff,2,UPL,2,3,ridge,7.86235341365682e-06
nwi_chmret_leafoff,2,UPL,3,4,shoulder,6.236624813027447e-06
nwi_chmret_leafoff,2,UPL,4,5,spur,1.1832414202217478e-05
nwi_chmret_leafoff,2,UPL,5,6,slope,4.803243791684508e-05
nwi_chmret_leafoff,2,UPL,6,7,hollow,1.4539791663992219e-05
nwi_chmret_leafoff,2,UPL,7,8,footslope,1.9004306523129344e-05
nwi_chmret_leafoff,2,UPL,8,9,valley,1.6948859411058947e-05
nwi_chmret_leafoff,2,UPL,9,10,pit,3.3422516025893856e-06
nwi_chmret_leafoff,2,overall,0,1,flat,3.0119408620521426e-05
nwi_chmret_leafoff,2,overall,1,2,peak,2.1156054117454914e-06
nwi_chmret_leafoff,2,overall,2,3,ridge,6.946708708710503e-06
nwi_chmret_leafoff,2,overall,3,4,shoulder,5.4787806220701896e-06
nwi_chmret_leafoff,2,overall,4,5,spur,9.938423318089917e-06
nwi_chmret_leafoff,2,overall,5,6,slope,3.776542507694103e-05
nwi_chmret_leafoff,2,overall,6,7,hollow,1.2089101801393554e-05
nwi_chmret_leafoff,2,overall,7,8,footslope,2.236222462670412e-05
nwi_chmret_leafoff,2,overall,8,9,valley,1.698233791103121e-05
nwi_chmret_leafoff,2,overall,9,10,pit,3.1729114198242314e-06
nwi_chmret_leafoff,3,EMW,0,1,flat,8.253706255345605e-06
nwi_chmret_leafoff,3,EMW,1,2,peak,4.7584529738742276e-07
nwi_chmret_leafoff,3,EMW,2,3,ridge,1.6201802282012068e-06
nwi_chmret_leafoff,3,EMW,3,4,shoulder,2.0013285393361002e-06
nwi_chmret_leafoff,3,EMW,4,5,spur,2.3334132492891513e-06
nwi_chmret_leafoff,3,EMW,5,6,slope,7.332449058594648e-06
nwi_chmret_leafoff,3,EMW,6,7,hollow,3.822483449766878e-06
nwi_chmret_leafoff,3,EMW,7,8,footslope,6.3370848693011794e-06
nwi_chmret_leafoff,3,EMW,8,9,valley,4.594013262249064e-06
nwi_chmret_leafoff,3,EMW,9,10,pit,1.070412167791801e-06
nwi_chmret_leafoff,3,FSW,0,1,flat,1.9425442587817088e-05
nwi_chmret_leafoff,3,FSW,1,2,peak,2.0383456558192847e-06
nwi_chmret_leafoff,3,FSW,2,3,ridge,4.026694114145357e-06
nwi_chmret_leafoff,3,FSW,3,4,shoulder,6.9895031629130244e-06
nwi_chmret_leafoff,3,FSW,4,5,spur,9.844788110058289e-06
nwi_chmret_leafoff,3,FSW,5,6,slope,3.2717220165068284e-05
nwi_chmret_leafoff,3,FSW,6,7,hollow,1.924167008837685e-05
nwi_chmret_leafoff,3,FSW,7,8,footslope,2.4589384338469245e-05
nwi_chmret_leafoff,3,FSW,8,9,valley,2.1362409825087525e-05
nwi_chmret_leafoff,3,FSW,9,10,pit,2.574181507952744e-06
nwi_chmret_leafoff,3,SSW,0,1,flat,1.0285413736710325e-05
nwi_chmret_leafoff,3,SSW,1,2,peak,3.948075004700513e-07
nwi_chmret_leafoff,3,SSW,2,3,ridge,1.8737664504442364e-06
nwi_chmret_leafoff,3,SSW,3,4,shoulder,1.663530611040187e-06
nwi_chmret_leafoff,3,SSW,4,5,spur,2.4946473331510788e-06
nwi_chmret_leafoff,3,SSW,5,6,slope,1.0077615115733352e-05
nwi_chmret_leafoff,3,SSW,6,7,hollow,4.355623786977958e-06
nwi_chmret_leafoff,3,SSW,7,8,footslope,6.888754342071479e-06
nwi_chmret_leafoff,3,SSW,8,9,valley,6.196147296577692e-06
nwi_chmret_leafoff,3,SSW,9,10,pit,1.1226287597310147e-06
nwi_chmret_leafoff,3,UPL,0,1,flat,1.5518677173531614e-05
nwi_chmret_leafoff,3,UPL,1,2,peak,1.2443723562682862e-06
nwi_chmret_leafoff,3,UPL,2,3,ridge,4.035683559777681e-06
nwi_chmret_leafoff,3,UPL,3,4,shoulder,4.728822204924654e-06
nwi_chmret_leafoff,3,UPL,4,5,spur,7.246741915878374e-06
nwi_chmret_leafoff,3,UPL,5,6,slope,2.4609704269096255e-05
nwi_chmret_leafoff,3,UPL,6,7,hollow,1.260519911738811e-05
nwi_chmret_leafoff,3,UPL,7,8,footslope,1.3694843801204115e-05
nwi_chmret_leafoff,3,UPL,8,9,valley,1.4060562534723431e-05
nwi_chmret_leafoff,3,UPL,9,10,pit,1.9179806258762255e-06
nwi_chmret_leafoff,3,overall,0,1,flat,1.337081084784586e-05
nwi_chmret_leafoff,3,overall,1,2,peak,1.0383427024862613e-06
nwi_chmret_leafoff,3,overall,2,3,ridge,2.8890810881421203e-06
nwi_chmret_leafoff,3,overall,3,4,shoulder,3.845796072710073e-06
nwi_chmret_leafoff,3,overall,4,5,spur,5.479897481563967e-06
nwi_chmret_leafoff,3,overall,5,6,slope,1.8684248061617836e-05
nwi_chmret_leafoff,3,overall,6,7,hollow,1.0006244338001125e-05
nwi_chmret_leafoff,3,overall,7,8,footslope,1.2877516383014154e-05
nwi_chmret_leafoff,3,overall,8,9,valley,1.1553283002285752e-05
nwi_chmret_leafoff,3,overall,9,10,pit,1.6713007653379464e-06
nwi_chmret_leafoff,4,EMW,0,1,flat,2.23439528781455e-05
nwi_chmret_leafoff,4,EMW,1,2,peak,1.2398826356729842e-06
nwi_chmret_leafoff,4,EMW,2,3,ridge,4.169032308709575e-06
nwi_chmret_leafoff,4,EMW,3,4,shoulder,2.8599633878911845e-06
nwi_chmret_leafoff,4,EMW,4,5,spur,5.597444669547258e-06
nwi_chmret_leafoff,4,EMW,5,6,slope,1.714135578367859e-05
nwi_chmret_leafoff,4,EMW,6,7,hollow,7.870918125263415e-06
nwi_chmret_leafoff,4,EMW,7,8,footslope,1.244613122253213e-05
nwi_chmret_leafoff,4,EMW,8,9,valley,1.509228786744643e-05
nwi_chmret_leafoff,4,EMW,9,10,pit,2.0293255147407763e-06
nwi_chmret_leafoff,4,FSW,0,1,flat,3.6255642044125125e-05
nwi_chmret_leafoff,4,FSW,1,2,peak,1.9205531316401903e-06
nwi_chmret_leafoff,4,FSW,2,3,ridge,7.2931738941406365e-06
nwi_chmret_leafoff,4,FSW,3,4,shoulder,4.800061105925124e-06
nwi_chmret_leafoff,4,FSW,4,5,spur,9.970965038519353e-06
nwi_chmret_leafoff,4,FSW,5,6,slope,3.3428881579311565e-05
nwi_chmret_leafoff,4,FSW,6,7,hollow,1.4497740266961046e-05
nwi_chmret_leafoff,4,FSW,7,8,footslope,2.0480312741710804e-05
nwi_chmret_leafoff,4,FSW,8,9,valley,2.225205025752075e-05
nwi_chmret_leafoff,4,FSW,9,10,pit,3.610166459111497e-06
nwi_chmret_leafoff,4,SSW,0,1,flat,2.7032336220145226e-05
nwi_chmret_leafoff,4,SSW,1,2,peak,7.336032012972282e-07
nwi_chmret_leafoff,4,SSW,2,3,ridge,3.1621268590242835e-06
nwi_chmret_leafoff,4,SSW,3,4,shoulder,2.704683083720738e-06
nwi_chmret_leafoff,4,SSW,4,5,spur,4.026315309602069e-06
nwi_chmret_leafoff,4,SSW,5,6,slope,1.1617426935117692e-05
nwi_chmret_leafoff,4,SSW,6,7,hollow,5.7440329328528605e-06
nwi_chmret_leafoff,4,SSW,7,8,footslope,1.9213552150176838e-05
nwi_chmret_leafoff,4,SSW,8,9,valley,1.5692761735408567e-05
nwi_chmret_leafoff,4,SSW,9,10,pit,2.3652321488043526e-06
nwi_chmret_leafoff,4,UPL,0,1,flat,3.65770174539648e-05
nwi_chmret_leafoff,4,UPL,1,2,peak,2.034082854152075e-06
nwi_chmret_leafoff,4,UPL,2,3,ridge,7.624947556905681e-06
nwi_chmret_leafoff,4,UPL,3,4,shoulder,4.529062607616652e-06
nwi_chmret_leafoff,4,UPL,4,5,spur,1.0586960343061946e-05
nwi_chmret_leafoff,4,UPL,5,6,slope,2.5755376555025578e-05
nwi_chmret_leafoff,4,UPL,6,7,hollow,1.4085097063798457e-05
nwi_chmret_leafoff,4,UPL,7,8,footslope,2.5405121050425805e-05
nwi_chmret_leafoff,4,UPL,8,9,valley,2.984964521601796e-05
nwi_chmret_leafoff,4,UPL,9,10,pit,4.949187768943375e-06
nwi_chmret_leafoff,4,overall,0,1,flat,3.055223714909516e-05
nwi_chmret_leafoff,4,overall,1,2,peak,1.4820304841123288e-06
nwi_chmret_leafoff,4,overall,2,3,ridge,5.5623199841647875e-06
nwi_chmret_leafoff,4,overall,3,4,shoulder,3.723442432601587e-06
nwi_chmret_leafoff,4,overall,4,5,spur,7.545421340182656e-06
nwi_chmret_leafoff,4,overall,5,6,slope,2.1985761122778058e-05
nwi_chmret_leafoff,4,overall,6,7,hollow,1.054944732459262e-05
nwi_chmret_leafoff,4,overall,7,8,footslope,1.9386279745958745e-05
nwi_chmret_leafoff,4,overall,8,9,valley,2.072168717859313e-05
nwi_chmret_leafoff,4,overall,9,10,pit,3.2384778023697436e-06
nwiextra_chmret_leafoff,0,EMW,0,1,flat,2.3908687580842525e-05
nwiextra_chmret_leafoff,0,EMW,1,2,peak,2.2969736619415926e-06
nwiextra_chmret_leafoff,0,EMW,2,3,ridge,8.681088729645126e-06
nwiextra_chmret_leafoff,0,EMW,3,4,shoulder,9.28653207665775e-06
nwiextra_chmret_leafoff,0,EMW,4,5,spur,9.653970664658118e-06
nwiextra_chmret_leafoff,0,EMW,5,6,slope,2.7422705898061395e-05
nwiextra_chmret_leafoff,0,EMW,6,7,hollow,9.663022865424864e-06
nwiextra_chmret_leafoff,0,EMW,7,8,footslope,1.769811387930531e-05
nwiextra_chmret_leafoff,0,EMW,8,9,valley,1.8282664314028807e-05
nwiextra_chmret_leafoff,0,EMW,9,10,pit,2.6187103685515467e-06
nwiextra_chmret_leafoff,0,FSW,0,1,flat,3.555294097168371e-05
nwiextra_chmret_leafoff,0,FSW,1,2,peak,3.838841166725615e-06
nwiextra_chmret_leafoff,0,FSW,2,3,ridge,1.2709348993666936e-05
nwiextra_chmret_leafoff,0,FSW,3,4,shoulder,1.4903396731824614e-05
nwiextra_chmret_leafoff,0,FSW,4,5,spur,1.6445759683847427e-05
nwiextra_chmret_leafoff,0,FSW,5,6,slope,4.2504678276600316e-05
nwiextra_chmret_leafoff,0,FSW,6,7,hollow,1.5947243809932843e-05
nwiextra_chmret_leafoff,0,FSW,7,8,footslope,2.5827152057900093e-05
nwiextra_chmret_leafoff,0,FSW,8,9,valley,3.155821832478978e-05
nwiextra_chmret_leafoff,0,FSW,9,10,pit,6.144859071355313e-06
nwiextra_chmret_leafoff,0,SSW,0,1,flat,2.719404255913105e-05
nwiextra_chmret_leafoff,0,SSW,1,2,peak,2.8265876608202234e-06
nwiextra_chmret_leafoff,0,SSW,2,3,ridge,1.110003995563602e-05
nwiextra_chmret_leafoff,0,SSW,3,4,shoulder,1.2093028999515809e-05
nwiextra_chmret_leafoff,0,SSW,4,5,spur,1.67107555171242e-05
nwiextra_chmret_leafoff,0,SSW,5,6,slope,3.5523600672604516e-05
nwiextra_chmret_leafoff,0,SSW,6,7,hollow,1.3724075870413799e-05
nwiextra_chmret_leafoff,0,SSW,7,8,footslope,2.1629017282975838e-05
nwiextra_chmret_leafoff,0,SSW,8,9,valley,2.2298856492852792e-05
nwiextra_chmret_leafoff,0,SSW,9,10,pit,5.07373397340416e-06
nwiextra_chmret_leafoff,0,UPL,0,1,flat,3.830245623248629e-05
nwiextra_chmret_leafoff,0,UPL,1,2,peak,4.020899723400362e-06
nwiextra_chmret_leafoff,0,UPL,2,3,ridge,1.3532509910874069e-05
nwiextra_chmret_leafoff,0,UPL,3,4,shoulder,1.617297857592348e-05
nwiextra_chmret_leafoff,0,UPL,4,5,spur,1.965664341696538e-05
nwiextra_chmret_leafoff,0,UPL,5,6,slope,4.4964814151171595e-05
nwiextra_chmret_leafoff,0,UPL,6,7,hollow,1.8602790078148246e-05
nwiextra_chmret_leafoff,0,UPL,7,8,footslope,2.5943038053810596e-05
nwiextra_chmret_leafoff,0,UPL,8,9,valley,2.792064697132446e-05
nwiextra_chmret_leafoff,0,UPL,9,10,pit,6.063382443244336e-06
nwiextra_chmret_leafoff,0,overall,0,1,flat,3.123953138128854e-05
nwiextra_chmret_leafoff,0,overall,1,2,peak,3.245825610065367e-06
nwiextra_chmret_leafoff,0,overall,2,3,ridge,1.1505747352202889e-05
nwiextra_chmret_leafoff,0,overall,3,4,shoulder,1.3113984095980413e-05
nwiextra_chmret_leafoff,0,overall,4,5,spur,1.5616780729033053e-05
nwiextra_chmret_leafoff,0,overall,5,6,slope,3.760394611163065e-05
nwiextra_chmret_leafoff,0,overall,6,7,hollow,1.4484283383353613e-05
nwiextra_chmret_leafoff,0,overall,7,8,footslope,2.2774329409003258e-05
nwiextra_chmret_leafoff,0,overall,8,9,valley,2.5015095161506906e-05
nwiextra_chmret_leafoff,0,overall,9,10,pit,4.975171577825677e-06
nwiextra_chmret_leafoff,1,EMW,0,1,flat,1.2816764865419827e-05
nwiextra_chmret_leafoff,1,EMW,1,2,peak,5.895045660508913e-07
nwiextra_chmret_leafoff,1,EMW,2,3,ridge,3.686791842483217e-06
nwiextra_chmret_leafoff,1,EMW,3,4,shoulder,2.3507868718297686e-06
nwiextra_chmret_leafoff,1,EMW,4,5,spur,4.765861376654357e-06
nwiextra_chmret_leafoff,1,EMW,5,6,slope,1.0981225386785809e-05
nwiextra_chmret_leafoff,1,EMW,6,7,hollow,4.399941644805949e-06
nwiextra_chmret_leafoff,1,EMW,7,8,footslope,8.121544851746876e-06
nwiextra_chmret_leafoff,1,EMW,8,9,valley,6.635135832766537e-06
nwiextra_chmret_leafoff,1,EMW,9,10,pit,1.4448643241848913e-06
nwiextra_chmret_leafoff,1,FSW,0,1,flat,2.9577557143056765e-05
nwiextra_chmret_leafoff,1,FSW,1,2,peak,1.6055112155299867e-06
nwiextra_chmret_leafoff,1,FSW,2,3,ridge,9.573735951562412e-06
nwiextra_chmret_leafoff,1,FSW,3,4,shoulder,6.322137778624892e-06
nwiextra_chmret_leafoff,1,FSW,4,5,spur,1.249827073479537e-05
nwiextra_chmret_leafoff,1,FSW,5,6,slope,2.7086303816759028e-05
nwiextra_chmret_leafoff,1,FSW,6,7,hollow,1.701346081972588e-05
nwiextra_chmret_leafoff,1,FSW,7,8,footslope,1.960403096745722e-05
nwiextra_chmret_leafoff,1,FSW,8,9,valley,1.8627059034770355e-05
nwiextra_chmret_leafoff,1,FSW,9,10,pit,4.990311936126091e-06
nwiextra_chmret_leafoff,1,SSW,0,1,flat,1.8684626411413774e-05
nwiextra_chmret_leafoff,1,SSW,1,2,peak,1.4309468951978488e-06
nwiextra_chmret_leafoff,1,SSW,2,3,ridge,7.890097549534403e-06
nwiextra_chmret_leafoff,1,SSW,3,4,shoulder,4.201505817036377e-06
nwiextra_chmret_leafoff,1,SSW,4,5,spur,1.073553994501708e-05
nwiextra_chmret_leafoff,1,SSW,5,6,slope,1.7587932234164327e-05
nwiextra_chmret_leafoff,1,SSW,6,7,hollow,9.621556273486931e-06
nwiextra_chmret_leafoff,1,SSW,7,8,footslope,1.0529154678806663e-05
nwiextra_chmret_leafoff,1,SSW,8,9,valley,9.034470167534892e-06
nwiextra_chmret_leafoff,1,SSW,9,10,pit,2.294470050401287e-06
nwiextra_chmret_leafoff,1,UPL,0,1,flat,2.3675713237025775e-05
nwiextra_chmret_leafoff,1,UPL,1,2,peak,1.7345095102427877e-06
nwiextra_chmret_leafoff,1,UPL,2,3,ridge,8.694652933627367e-06
nwiextra_chmret_leafoff,1,UPL,3,4,shoulder,5.786064321000595e-06
nwiextra_chmret_leafoff,1,UPL,4,5,spur,1.3644561477121897e-05
nwiextra_chmret_leafoff,1,UPL,5,6,slope,2.4494667741237208e-05
nwiextra_chmret_leafoff,1,UPL,6,7,hollow,1.4021197785041295e-05
nwiextra_chmret_leafoff,1,UPL,7,8,footslope,1.3823528206557967e-05
nwiextra_chmret_leafoff,1,UPL,8,9,valley,1.1337402611388825e-05
nwiextra_chmret_leafoff,1,UPL,9,10,pit,3.1131287414609687e-06
nwiextra_chmret_leafoff,1,overall,0,1,flat,2.1188663595239632e-05
nwiextra_chmret_leafoff,1,overall,1,2,peak,1.3401180467553786e-06
nwiextra_chmret_leafoff,1,overall,2,3,ridge,7.461319455615012e-06
nwiextra_chmret_leafoff,1,overall,3,4,shoulder,4.665123924496584e-06
nwiextra_chmret_leafoff,1,overall,4,5,spur,1.0411058610770851e-05
nwiextra_chmret_leafoff,1,overall,5,6,slope,2.003753252211027e-05
nwiextra_chmret_leafoff,1,overall,6,7,hollow,1.1264039130765013e-05
nwiextra_chmret_leafoff,1,overall,7,8,footslope,1.3019563994021155e-05
nwiextra_chmret_leafoff,1,overall,8,9,valley,1.140851600212045e-05
nwiextra_chmret_leafoff,1,overall,9,10,pit,2.960693791465019e-06
nwiextra_chmret_leafoff,2,EMW,0,1,flat,3.5809633118333295e-05
nwiextra_chmret_leafoff,2,EMW,1,2,peak,2.890261839638697e-06
nwiextra_chmret_leafoff,2,EMW,2,3,ridge,8.596267434768379e-06
nwiextra_chmret_leafoff,2,EMW,3,4,shoulder,9.024364771903493e-06
nwiextra_chmret_leafoff,2,EMW,4,5,spur,1.2245041034475435e-05
nwiextra_chmret_leafoff,2,EMW,5,6,slope,4.001710476586595e-05
nwiextra_chmret_leafoff,2,EMW,6,7,hollow,1.333085401711287e-05
nwiextra_chmret_leafoff,2,EMW,7,8,footslope,2.1558906155405566e-05
nwiextra_chmret_leafoff,2,EMW,8,9,valley,1.918290217872709e-05
nwiextra_chmret_leafoff,2,EMW,9,10,pit,4.901191459794063e-06
nwiextra_chmret_leafoff,2,FSW,0,1,flat,4.9943737394642085e-05
nwiextra_chmret_leafoff,2,FSW,1,2,peak,3.2836869650054723e-06
nwiextra_chmret_leafoff,2,FSW,2,3,ridge,1.3512018995243125e-05
nwiextra_chmret_leafoff,2,FSW,3,4,shoulder,1.4677230865345336e-05
nwiextra_chmret_leafoff,2,FSW,4,5,spur,1.6770944057498127e-05
nwiextra_chmret_leafoff,2,FSW,5,6,slope,6.420850695576519e-05
nwiextra_chmret_leafoff,2,FSW,6,7,hollow,1.837723539210856e-05
nwiextra_chmret_leafoff,2,FSW,7,8,footslope,2.8912956622662023e-05
nwiextra_chmret_leafoff,2,FSW,8,9,valley,2.8865475542261265e-05
nwiextra_chmret_leafoff,2,FSW,9,10,pit,8.596382031100802e-06
nwiextra_chmret_leafoff,2,SSW,0,1,flat,3.3858577808132395e-05
nwiextra_chmret_leafoff,2,SSW,1,2,peak,2.3331122065428644e-06
nwiextra_chmret_leafoff,2,SSW,2,3,ridge,9.999601388699375e-06
nwiextra_chmret_leafoff,2,SSW,3,4,shoulder,1.0541781193751376e-05
nwiextra_chmret_leafoff,2,SSW,4,5,spur,1.3696762835024856e-05
nwiextra_chmret_leafoff,2,SSW,5,6,slope,4.3410444050095975e-05
nwiextra_chmret_leafoff,2,SSW,6,7,hollow,1.3631391993840225e-05
nwiextra_chmret_leafoff,2,SSW,7,8,footslope,2.437489092699252e-05
nwiextra_chmret_leafoff,2,SSW,8,9,valley,2.1136242139618844e-05
nwiextra_chmret_leafoff,2,SSW,9,10,pit,6.814379503339296e-06
nwiextra_chmret_leafoff,2,UPL,0,1,flat,4.657656972995028e-05
nwiextra_chmret_leafoff,2,UPL,1,2,peak,3.383400326129049e-06
nwiextra_chmret_leafoff,2,UPL,2,3,ridge,1.3819779269397259e-05
nwiextra_chmret_leafoff,2,UPL,3,4,shoulder,1.6343037714250386e-05
nwiextra_chmret_leafoff,2,UPL,4,5,spur,1.8556866052676924e-05
nwiextra_chmret_leafoff,2,UPL,5,6,slope,6.558201857842505e-05
nwiextra_chmret_leafoff,2,UPL,6,7,hollow,1.815223367884755e-05
nwiextra_chmret_leafoff,2,UPL,7,8,footslope,3.0648341635242105e-05
nwiextra_chmret_leafoff,2,UPL,8,9,valley,2.567918272688985e-05
nwiextra_chmret_leafoff,2,UPL,9,10,pit,8.810418876237236e-06
nwiextra_chmret_leafoff,2,overall,0,1,flat,4.1547129512764513e-05
nwiextra_chmret_leafoff,2,overall,1,2,peak,2.972615220642183e-06
nwiextra_chmret_leafoff,2,overall,2,3,ridge,1.1481916772027034e-05
nwiextra_chmret_leafoff,2,overall,3,4,shoulder,1.2646603863686323e-05
nwiextra_chmret_leafoff,2,overall,4,5,spur,1.5317402358050458e-05
nwiextra_chmret_leafoff,2,overall,5,6,slope,5.330451676854864e-05
nwiextra_chmret_leafoff,2,overall,6,7,hollow,1.5872928997850977e-05
nwiextra_chmret_leafoff,2,overall,7,8,footslope,2.6373774744570255e-05
nwiextra_chmret_leafoff,2,overall,8,9,valley,2.3715951101621613e-05
nwiextra_chmret_leafoff,2,overall,9,10,pit,7.280592853931012e-06
nwiextra_chmret_leafoff,3,EMW,0,1,flat,4.668883411795832e-05
nwiextra_chmret_leafoff,3,EMW,1,2,peak,1.9940966922149528e-06
nwiextra_chmret_leafoff,3,EMW,2,3,ridge,9.327557563665323e-06
nwiextra_chmret_leafoff,3,EMW,3,4,shoulder,7.80082518758718e-06
nwiextra_chmret_leafoff,3,EMW,4,5,spur,1.3358561773202382e-05
nwiextra_chmret_leafoff,3,EMW,5,6,slope,3.30141992890276e-05
nwiextra_chmret_leafoff,3,EMW,6,7,hollow,1.7390739230904728e-05
nwiextra_chmret_leafoff,3,EMW,7,8,footslope,2.6456715204403736e-05
nwiextra_chmret_leafoff,3,EMW,8,9,valley,2.2862561309011653e-05
nwiextra_chmret_leafoff,3,EMW,9,10,pit,4.976971467840485e-06
nwiextra_chmret_leafoff,3,FSW,0,1,flat,5.9094716561958194e-05
nwiextra_chmret_leafoff,3,FSW,1,2,peak,3.887132606905652e-06
nwiextra_chmret_leafoff,3,FSW,2,3,ridge,1.3780813787889201e-05
nwiextra_chmret_leafoff,3,FSW,3,4,shoulder,1.1772398465836886e-05
nwiextra_chmret_leafoff,3,FSW,4,5,spur,2.102768667100463e-05
nwiextra_chmret_leafoff,3,FSW,5,6,slope,4.771636668010615e-05
nwiextra_chmret_leafoff,3,FSW,6,7,hollow,2.6503528715693392e-05
nwiextra_chmret_leafoff,3,FSW,7,8,footslope,3.1078576284926385e-05
nwiextra_chmret_leafoff,3,FSW,8,9,valley,3.99379750888329e-05
nwiextra_chmret_leafoff,3,FSW,9,10,pit,1.0382782420492731e-05
nwiextra_chmret_leafoff,3,SSW,0,1,flat,6.59788929624483e-05
nwiextra_chmret_leafoff,3,SSW,1,2,peak,3.3416738460800843e-06
nwiextra_chmret_leafoff,3,SSW,2,3,ridge,1.4577611182176042e-05
nwiextra_chmret_leafoff,3,SSW,3,4,shoulder,1.2392991266096942e-05
nwiextra_chmret_leafoff,3,SSW,4,5,spur,2.2552338123205118e-05
nwiextra_chmret_leafoff,3,SSW,5,6,slope,5.838963988935575e-05
nwiextra_chmret_leafoff,3,SSW,6,7,hollow,3.091613689321093e-05
nwiextra_chmret_leafoff,3,SSW,7,8,footslope,4.0154311136575416e-05
nwiextra_chmret_leafoff,3,SSW,8,9,valley,3.8028643757570535e-05
nwiextra_chmret_leafoff,3,SSW,9,10,pit,1.0917447070823982e-05
nwiextra_chmret_leafoff,3,UPL,0,1,flat,7.196713704615831e-05
nwiextra_chmret_leafoff,3,UPL,1,2,peak,4.121780875721015e-06
nwiextra_chmret_leafoff,3,UPL,2,3,ridge,1.668992445047479e-05
nwiextra_chmret_leafoff,3,UPL,3,4,shoulder,1.4300753718998749e-05
nwiextra_chmret_leafoff,3,UPL,4,5,spur,2.5053779609152116e-05
nwiextra_chmret_leafoff,3,UPL,5,6,slope,5.968692130409181e-05
nwiextra_chmret_leafoff,3,UPL,6,7,hollow,3.169064802932553e-05
nwiextra_chmret_leafoff,3,UPL,7,8,footslope,4.179671304882504e-05
nwiextra_chmret_leafoff,3,UPL,8,9,valley,4.104120307601988e-05
nwiextra_chmret_leafoff,3,UPL,9,10,pit,1.0736221156548709e-05
nwiextra_chmret_leafoff,3,overall,0,1,flat,6.093239426263608e-05
nwiextra_chmret_leafoff,3,overall,1,2,peak,3.3361709483870072e-06
nwiextra_chmret_leafoff,3,overall,2,3,ridge,1.359397720079869e-05
nwiextra_chmret_leafoff,3,overall,3,4,shoulder,1.1566741704882588e-05
nwiextra_chmret_leafoff,3,overall,4,5,spur,2.049809154414106e-05
nwiextra_chmret_leafoff,3,overall,5,6,slope,4.970178270014003e-05
nwiextra_chmret_leafoff,3,overall,6,7,hollow,2.6625264581525698e-05
nwiextra_chmret_leafoff,3,overall,7,8,footslope,3.487157664494589e-05
nwiextra_chmret_leafoff,3,overall,8,9,valley,3.546759398886934e-05
nwiextra_chmret_leafoff,3,overall,9,10,pit,9.253355528926477e-06
nwiextra_chmret_leafoff,4,EMW,0,1,flat,4.3767864553956315e-05
nwiextra_chmret_leafoff,4,EMW,1,2,peak,2.044479060714366e-06
nwiextra_chmret_leafoff,4,EMW,2,3,ridge,9.262448656954803e-06
nwiextra_chmret_leafoff,4,EMW,3,4,shoulder,9.050475455296692e-06
nwiextra_chmret_leafoff,4,EMW,4,5,spur,1.3377134564507287e-05
nwiextra_chmret_leafoff,4,EMW,5,6,slope,3.9054859371390194e-05
nwiextra_chmret_leafoff,4,EMW,6,7,hollow,1.6890393453650177e-05
nwiextra_chmret_leafoff,4,EMW,7,8,footslope,2.542174479458481e-05
nwiextra_chmret_leafoff,4,EMW,8,9,valley,2.6430414436617866e-05
nwiextra_chmret_leafoff,4,EMW,9,10,pit,5.46744377061259e-06
nwiextra_chmret_leafoff,4,FSW,0,1,flat,4.864685979555361e-05
nwiextra_chmret_leafoff,4,FSW,1,2,peak,2.3119098386814585e-06
nwiextra_chmret_leafoff,4,FSW,2,3,ridge,1.2718906873487867e-05
nwiextra_chmret_leafoff,4,FSW,3,4,shoulder,1.0226935955870431e-05
nwiextra_chmret_leafoff,4,FSW,4,5,spur,1.8226537576992996e-05
nwiextra_chmret_leafoff,4,FSW,5,6,slope,5.222063191467896e-05
nwiextra_chmret_leafoff,4,FSW,6,7,hollow,1.9748662452911958e-05
nwiextra_chmret_leafoff,4,FSW,7,8,footslope,2.4996810680022463e-05
nwiextra_chmret_leafoff,4,FSW,8,9,valley,2.5776776965358295e-05
nwiextra_chmret_leafoff,4,FSW,9,10,pit,3.4671709272515727e-06
nwiextra_chmret_leafoff,4,SSW,0,1,flat,3.8276884879451245e-05
nwiextra_chmret_leafoff,4,SSW,1,2,peak,1.9666188109113136e-06
nwiextra_chmret_leafoff,4,SSW,2,3,ridge,8.233109838329256e-06
nwiextra_chmret_leafoff,4,SSW,3,4,shoulder,7.960155926411971e-06
nwiextra_chmret_leafoff,4,SSW,4,5,spur,1.1574136806302704e-05
nwiextra_chmret_leafoff,4,SSW,5,6,slope,3.3313521271338686e-05
nwiextra_chmret_leafoff,4,SSW,6,7,hollow,1.4132735486782622e-05
nwiextra_chmret_leafoff,4,SSW,7,8,footslope,2.4095876142382622e-05
nwiextra_chmret_leafoff,4,SSW,8,9,valley,2.4068711354630068e-05
nwiextra_chmret_leafoff,4,SSW,9,10,pit,5.204857643548166e-06
nwiextra_chmret_leafoff,4,UPL,0,1,flat,5.8602272474672645e-05
nwiextra_chmret_leafoff,4,UPL,1,2,peak,3.7077497836435214e-06
nwiextra_chmret_leafoff,4,UPL,2,3,ridge,1.514584437245503e-05
nwiextra_chmret_leafoff,4,UPL,3,4,shoulder,1.1558046935533639e-05
nwiextra_chmret_leafoff,4,UPL,4,5,spur,1.9754903405555524e-05
nwiextra_chmret_leafoff,4,UPL,5,6,slope,6.0259841120569035e-05
nwiextra_chmret_leafoff,4,UPL,6,7,hollow,2.503644282114692e-05
nwiextra_chmret_leafoff,4,UPL,7,8,footslope,3.465365807642229e-05
nwiextra_chmret_leafoff,4,UPL,8,9,valley,3.2425094104837626e-05
nwiextra_chmret_leafoff,4,UPL,9,10,pit,9.22411163628567e-06
nwiextra_chmret_leafoff,4,overall,0,1,flat,4.732346860691905e-05
nwiextra_chmret_leafoff,4,overall,1,2,peak,2.507689259800827e-06
nwiextra_chmret_leafoff,4,overall,2,3,ridge,1.1340077435306739e-05
nwiextra_chmret_leafoff,4,overall,3,4,shoulder,9.698903340904508e-06
nwiextra_chmret_leafoff,4,overall,4,5,spur,1.5733177860965952e-05
nwiextra_chmret_leafoff,4,overall,5,6,slope,4.621221523848362e-05
nwiextra_chmret_leafoff,4,overall,6,7,hollow,1.8952057871501893e-05
nwiextra_chmret_leafoff,4,overall,7,8,footslope,2.7292022423353046e-05
nwiextra_chmret_leafoff,4,overall,8,9,valley,2.7175248760613613e-05
nwiextra_chmret_leafoff,4,overall,9,10,pit,5.840895937581081e-06
nwifield_chmret_leafoff,0,EMW,0,1,flat,2.3064849301590584e-05
nwifield_chmret_leafoff,0,EMW,1,2,peak,1.8985068663823768e-06
nwifield_chmret_leafoff,0,EMW,2,3,ridge,7.648710379726253e-06
nwifield_chmret_leafoff,0,EMW,3,4,shoulder,7.038284820737317e-06
nwifield_chmret_leafoff,0,EMW,4,5,spur,8.248244739661459e-06
nwifield_chmret_leafoff,0,EMW,5,6,slope,2.1917101548751816e-05
nwifield_chmret_leafoff,0,EMW,6,7,hollow,6.801558811275754e-06
nwifield_chmret_leafoff,0,EMW,7,8,footslope,1.5516334315179847e-05
nwifield_chmret_leafoff,0,EMW,8,9,valley,1.3639024473377503e-05
nwifield_chmret_leafoff,0,EMW,9,10,pit,1.9266717572463676e-06
nwifield_chmret_leafoff,0,FSW,0,1,flat,3.3365209674229845e-05
nwifield_chmret_leafoff,0,FSW,1,2,peak,1.840931531660317e-06
nwifield_chmret_leafoff,0,FSW,2,3,ridge,1.0133529031008948e-05
nwifield_chmret_leafoff,0,FSW,3,4,shoulder,1.1338346666889265e-05
nwifield_chmret_leafoff,0,FSW,4,5,spur,1.3710287930734921e-05
nwifield_chmret_leafoff,0,FSW,5,6,slope,3.319560710224323e-05
nwifield_chmret_leafoff,0,FSW,6,7,hollow,9.959807357518002e-06
nwifield_chmret_leafoff,0,FSW,7,8,footslope,2.5244076823582873e-05
nwifield_chmret_leafoff,0,FSW,8,9,valley,2.1678733901353553e-05
nwifield_chmret_leafoff,0,FSW,9,10,pit,4.270613317203242e-06
nwifield_chmret_leafoff,0,SSW,0,1,flat,2.4289984139613807e-05
nwifield_chmret_leafoff,0,SSW,1,2,peak,1.9056205928791314e-06
nwifield_chmret_leafoff,0,SSW,2,3,ridge,8.834051186568104e-06
nwifield_chmret_leafoff,0,SSW,3,4,shoulder,9.114000022236723e-06
nwifield_chmret_leafoff,0,SSW,4,5,spur,1.2102117580070626e-05
nwifield_chmret_leafoff,0,SSW,5,6,slope,2.6208985218545422e-05
nwifield_chmret_leafoff,0,SSW,6,7,hollow,7.86722739576362e-06
nwifield_chmret_leafoff,0,SSW,7,8,footslope,1.7428888895665295e-05
nwifield_chmret_leafoff,0,SSW,8,9,valley,1.359779889753554e-05
nwifield_chmret_leafoff,0,SSW,9,10,pit,2.514720335966558e-06
nwifield_chmret_leafoff,0,UPL,0,1,flat,3.828890839940868e-05
nwifield_chmret_leafoff,0,UPL,1,2,peak,3.09861684399948e-06
nwifield_chmret_leafoff,0,UPL,2,3,ridge,1.1886383617820684e-05
nwifield_chmret_leafoff,0,UPL,3,4,shoulder,1.2591966878972016e-05
nwifield_chmret_leafoff,0,UPL,4,5,spur,1.6764326574048027e-05
nwifield_chmret_leafoff,0,UPL,5,6,slope,3.558144817361608e-05
nwifield_chmret_leafoff,0,UPL,6,7,hollow,1.1466907380963676e-05
nwifield_chmret_leafoff,0,UPL,7,8,footslope,2.4457049221382476e-05
nwifield_chmret_leafoff,0,UPL,8,9,valley,2.0516285076155327e-05
nwifield_chmret_leafoff,0,UPL,9,10,pit,4.628830993169686e-06
nwifield_chmret_leafoff,0,overall,0,1,flat,2.975223833345808e-05
nwifield_chmret_leafoff,0,overall,1,2,peak,2.1859189018869074e-06
nwifield_chmret_leafoff,0,overall,2,3,ridge,9.625669008528348e-06
nwifield_chmret_leafoff,0,overall,3,4,shoulder,1.0020648915087804e-05
nwifield_chmret_leafoff,0,overall,4,5,spur,1.2706243978755083e-05
nwifield_chmret_leafoff,0,overall,5,6,slope,2.9225784601294436e-05
nwifield_chmret_leafoff,0,overall,6,7,hollow,9.023875463753939e-06
nwifield_chmret_leafoff,0,overall,7,8,footslope,2.066158594971057e-05
nwifield_chmret_leafoff,0,overall,8,9,valley,1.7357961041852832e-05
nwifield_chmret_leafoff,0,overall,9,10,pit,3.335208930366207e-06
nwifield_chmret_leafoff,1,EMW,0,1,flat,3.214769094483927e-05
nwifield_chmret_leafoff,1,EMW,1,2,peak,1.667735318733321e-06
nwifield_chmret_leafoff,1,EMW,2,3,ridge,6.813862455601338e-06
nwifield_chmret_leafoff,1,EMW,3,4,shoulder,4.730562523036497e-06
nwifield_chmret_leafoff,1,EMW,4,5,spur,9.96994276647456e-06
nwifield_chmret_leafoff,1,EMW,5,6,slope,2.3042592147248797e-05
nwifield_chmret_leafoff,1,EMW,6,7,hollow,1.0345823284296785e-05
nwifield_chmret_leafoff,1,EMW,7,8,footslope,1.5793455531820655e-05
nwifield_chmret_leafoff,1,EMW,8,9,valley,1.5769848687341437e-05
nwifield_chmret_leafoff,1,EMW,9,10,pit,3.7155125482968288e-06
nwifield_chmret_leafoff,1,FSW,0,1,flat,4.3101685150759295e-05
nwifield_chmret_leafoff,1,FSW,1,2,peak,2.0703048448922345e-06
nwifield_chmret_leafoff,1,FSW,2,3,ridge,1.264467846340267e-05
nwifield_chmret_leafoff,1,FSW,3,4,shoulder,6.733015652571339e-06
nwifield_chmret_leafoff,1,FSW,4,5,spur,1.247092404810246e-05
nwifield_chmret_leafoff,1,FSW,5,6,slope,3.42294733854942e-05
nwifield_chmret_leafoff,1,FSW,6,7,hollow,1.536173112981487e-05
nwifield_chmret_leafoff,1,FSW,7,8,footslope,2.93545781460125e-05
nwifield_chmret_leafoff,1,FSW,8,9,valley,2.924092041212134e-05
nwifield_chmret_leafoff,1,FSW,9,10,pit,5.670053724315949e-06
nwifield_chmret_leafoff,1,SSW,0,1,flat,3.554767681634985e-05
nwifield_chmret_leafoff,1,SSW,1,2,peak,2.176779162255116e-06
nwifield_chmret_leafoff,1,SSW,2,3,ridge,1.0826336620084476e-05
nwifield_chmret_leafoff,1,SSW,3,4,shoulder,6.7316564127395395e-06
nwifield_chmret_leafoff,1,SSW,4,5,spur,1.2885786418337375e-05
nwifield_chmret_leafoff,1,SSW,5,6,slope,2.94491728709545e-05
nwifield_chmret_leafoff,1,SSW,6,7,hollow,1.5388441170216538e-05
nwifield_chmret_leafoff,1,SSW,7,8,footslope,1.9978753698524088e-05
nwifield_chmret_leafoff,1,SSW,8,9,valley,2.2288393665803596e-05
nwifield_chmret_leafoff,1,SSW,9,10,pit,4.667649591283407e-06
nwifield_chmret_leafoff,1,UPL,0,1,flat,4.499001079238951e-05
nwifield_chmret_leafoff,1,UPL,1,2,peak,2.8923386707901955e-06
nwifield_chmret_leafoff,1,UPL,2,3,ridge,1.2709188922599424e-05
nwifield_chmret_leafoff,1,UPL,3,4,shoulder,8.855387932271697e-06
nwifield_chmret_leafoff,1,UPL,4,5,spur,1.514910127298208e-05
nwifield_chmret_leafoff,1,UPL,5,6,slope,3.6711233406094834e-05
nwifield_chmret_leafoff,1,UPL,6,7,hollow,1.7922820916282944e-05
nwifield_chmret_leafoff,1,UPL,7,8,footslope,2.6916974093182944e-05
nwifield_chmret_leafoff,1,UPL,8,9,valley,2.7883279472007416e-05
nwifield_chmret_leafoff,1,UPL,9,10,pit,5.875043825653847e-06
nwifield_chmret_leafoff,1,overall,0,1,flat,3.8946767745073885e-05
nwifield_chmret_leafoff,1,overall,1,2,peak,2.2017893570591696e-06
nwifield_chmret_leafoff,1,overall,2,3,ridge,1.0748516615421977e-05
nwifield_chmret_leafoff,1,overall,3,4,shoulder,6.762655630154768e-06
nwifield_chmret_leafoff,1,overall,4,5,spur,1.2618937944353092e-05
nwifield_chmret_leafoff,1,overall,5,6,slope,3.0858118407195434e-05
nwifield_chmret_leafoff,1,overall,6,7,hollow,1.4754705262021162e-05
nwifield_chmret_leafoff,1,overall,7,8,footslope,2.30109417316271e-05
nwifield_chmret_leafoff,1,overall,8,9,valley,2.3795610104571097e-05
nwifield_chmret_leafoff,1,overall,9,10,pit,4.982064638170414e-06
nwifield_chmret_leafoff,2,EMW,0,1,flat,3.6048342735739425e-05
nwifield_chmret_leafoff,2,EMW,1,2,peak,2.376455086050555e-06
nwifield_chmret_leafoff,2,EMW,2,3,ridge,9.8929122032132e-06
nwifield_chmret_leafoff,2,EMW,3,4,shoulder,8.43573252495844e-06
nwifield_chmret_leafoff,2,EMW,4,5,spur,1.3560600564233027e-05
nwifield_chmret_leafoff,2,EMW,5,6,slope,3.773449134314433e-05
nwifield_chmret_leafoff,2,EMW,6,7,hollow,1.3875799595552962e-05
nwifield_chmret_leafoff,2,EMW,7,8,footslope,2.237209992017597e-05
nwifield_chmret_leafoff,2,EMW,8,9,valley,2.158145434805192e-05
nwifield_chmret_leafoff,2,EMW,9,10,pit,8.35465016280068e-06
nwifield_chmret_leafoff,2,FSW,0,1,flat,4.2195282730972394e-05
nwifield_chmret_leafoff,2,FSW,1,2,peak,3.0584760679630563e-06
nwifield_chmret_leafoff,2,FSW,2,3,ridge,1.3693248547497205e-05
nwifield_chmret_leafoff,2,FSW,3,4,shoulder,1.1288897439953871e-05
nwifield_chmret_leafoff,2,FSW,4,5,spur,2.010581738431938e-05
nwifield_chmret_leafoff,2,FSW,5,6,slope,6.199672498041764e-05
nwifield_chmret_leafoff,2,FSW,6,7,hollow,2.013499033637345e-05
nwifield_chmret_leafoff,2,FSW,7,8,footslope,2.53823927778285e-05
nwifield_chmret_leafoff,2,FSW,8,9,valley,3.036351154150907e-05
nwifield_chmret_leafoff,2,FSW,9,10,pit,1.3424806638795417e-05
nwifield_chmret_leafoff,2,SSW,0,1,flat,3.3951982914004475e-05
nwifield_chmret_leafoff,2,SSW,1,2,peak,2.1719949927501148e-06
nwifield_chmret_leafoff,2,SSW,2,3,ridge,1.0923628906311933e-05
nwifield_chmret_leafoff,2,SSW,3,4,shoulder,9.721317837829702e-06
nwifield_chmret_leafoff,2,SSW,4,5,spur,1.642033203097526e-05
nwifield_chmret_leafoff,2,SSW,5,6,slope,4.131610330659896e-05
nwifield_chmret_leafoff,2,SSW,6,7,hollow,1.4429451766773127e-05
nwifield_chmret_leafoff,2,SSW,7,8,footslope,2.1143598132766783e-05
nwifield_chmret_leafoff,2,SSW,8,9,valley,2.2957643523113802e-05
nwifield_chmret_leafoff,2,SSW,9,10,pit,1.024419725581538e-05
nwifield_chmret_leafoff,2,UPL,0,1,flat,4.474480010685511e-05
nwifield_chmret_leafoff,2,UPL,1,2,peak,3.0841893021715805e-06
nwifield_chmret_leafoff,2,UPL,2,3,ridge,1.4353606275108177e-05
nwifield_chmret_leafoff,2,UPL,3,4,shoulder,1.3782953828922473e-05
nwifield_chmret_leafoff,2,UPL,4,5,spur,2.16784501390066e-05
nwifield_chmret_leafoff,2,UPL,5,6,slope,5.762355795013718e-05
nwifield_chmret_leafoff,2,UPL,6,7,hollow,1.9641111066448502e-05
nwifield_chmret_leafoff,2,UPL,7,8,footslope,2.9857346817152575e-05
nwifield_chmret_leafoff,2,UPL,8,9,valley,3.222216764697805e-05
nwifield_chmret_leafoff,2,UPL,9,10,pit,1.5145562429097481e-05
nwifield_chmret_leafoff,2,overall,0,1,flat,3.923510303138755e-05
nwifield_chmret_leafoff,2,overall,1,2,peak,2.6727789190772455e-06
nwifield_chmret_leafoff,2,overall,2,3,ridge,1.2215848983032629e-05
nwifield_chmret_leafoff,2,overall,3,4,shoulder,1.0807225407916121e-05
nwifield_chmret_leafoff,2,overall,4,5,spur,1.7941300029633567e-05
nwifield_chmret_leafoff,2,overall,5,6,slope,4.966772030456923e-05
nwifield_chmret_leafoff,2,overall,6,7,hollow,1.7020338418660685e-05
nwifield_chmret_leafoff,2,overall,7,8,footslope,2.4688859411980957e-05
nwifield_chmret_leafoff,2,overall,8,9,valley,2.678119381016586e-05
nwifield_chmret_leafoff,2,overall,9,10,pit,1.179230457637459e-05
nwifield_chmret_leafoff,3,EMW,0,1,flat,2.4038730771280825e-05
nwifield_chmret_leafoff,3,EMW,1,2,peak,9.715744226923562e-07
nwifield_chmret_leafoff,3,EMW,2,3,ridge,5.9529938880587e-06
nwifield_chmret_leafoff,3,EMW,3,4,shoulder,4.30941963713849e-06
nwifield_chmret_leafoff,3,EMW,4,5,spur,6.924458375578979e-06
nwifield_chmret_leafoff,3,EMW,5,6,slope,1.8706998162087984e-05
nwifield_chmret_leafoff,3,EMW,6,7,hollow,8.019454071472865e-06
nwifield_chmret_leafoff,3,EMW,7,8,footslope,1.2090678865206428e-05
nwifield_chmret_leafoff,3,EMW,8,9,valley,1.2887119737570174e-05
nwifield_chmret_leafoff,3,EMW,9,10,pit,3.3819712825788883e-06
nwifield_chmret_leafoff,3,FSW,0,1,flat,2.6443714887136593e-05
nwifield_chmret_leafoff,3,FSW,1,2,peak,1.54899805693276e-06
nwifield_chmret_leafoff,3,FSW,2,3,ridge,6.1113687479519285e-06
nwifield_chmret_leafoff,3,FSW,3,4,shoulder,5.658113423123723e-06
nwifield_chmret_leafoff,3,FSW,4,5,spur,1.1473394806671422e-05
nwifield_chmret_leafoff,3,FSW,5,6,slope,2.653642150107771e-05
nwifield_chmret_leafoff,3,FSW,6,7,hollow,1.1013394214387517e-05
nwifield_chmret_leafoff,3,FSW,7,8,footslope,1.1793107660196256e-05
nwifield_chmret_leafoff,3,FSW,8,9,valley,2.0829698769375682e-05
nwifield_chmret_leafoff,3,FSW,9,10,pit,4.9666850827634335e-06
nwifield_chmret_leafoff,3,SSW,0,1,flat,2.689677057787776e-05
nwifield_chmret_leafoff,3,SSW,1,2,peak,1.0530051213208935e-06
nwifield_chmret_leafoff,3,SSW,2,3,ridge,6.359081453410909e-06
nwifield_chmret_leafoff,3,SSW,3,4,shoulder,5.901221356907627e-06
nwifield_chmret_leafoff,3,SSW,4,5,spur,8.541375791537575e-06
nwifield_chmret_leafoff,3,SSW,5,6,slope,2.3462895114789717e-05
nwifield_chmret_leafoff,3,SSW,6,7,hollow,9.06972218217561e-06
nwifield_chmret_leafoff,3,SSW,7,8,footslope,1.4430581359192729e-05
nwifield_chmret_leafoff,3,SSW,8,9,valley,2.3337652237387374e-05
nwifield_chmret_leafoff,3,SSW,9,10,pit,5.722019523091149e-06
nwifield_chmret_leafoff,3,UPL,0,1,flat,3.2316380384145305e-05
nwifield_chmret_leafoff,3,UPL,1,2,peak,1.4364288745127851e-06
nwifield_chmret_leafoff,3,UPL,2,3,ridge,8.99537917575799e-06
nwifield_chmret_leafoff,3,UPL,3,4,shoulder,8.102680112642702e-06
nwifield_chmret_leafoff,3,UPL,4,5,spur,1.1666341379168443e-05
nwifield_chmret_leafoff,3,UPL,5,6,slope,3.2836516766110435e-05
nwifield_chmret_leafoff,3,UPL,6,7,hollow,1.018195143842604e-05
nwifield_chmret_leafoff,3,UPL,7,8,footslope,1.5128881386772264e-05
nwifield_chmret_leafoff,3,UPL,8,9,valley,2.5699293473735452e-05
nwifield_chmret_leafoff,3,UPL,9,10,pit,6.110444701334927e-06
nwifield_chmret_leafoff,3,overall,0,1,flat,2.742389915511012e-05
nwifield_chmret_leafoff,3,overall,1,2,peak,1.2525015335995704e-06
nwifield_chmret_leafoff,3,overall,2,3,ridge,6.854706043668557e-06
nwifield_chmret_leafoff,3,overall,3,4,shoulder,5.992858859826811e-06
nwifield_chmret_leafoff,3,overall,4,5,spur,9.651392247178592e-06
nwifield_chmret_leafoff,3,overall,5,6,slope,2.538570697652176e-05
nwifield_chmret_leafoff,3,overall,6,7,hollow,9.571131158736534e-06
nwifield_chmret_leafoff,3,overall,7,8,footslope,1.3360811863094568e-05
nwifield_chmret_leafoff,3,overall,8,9,valley,2.0688439690275118e-05
nwifield_chmret_leafoff,3,overall,9,10,pit,5.045279976911843e-06
nwifield_chmret_leafoff,4,EMW,0,1,flat,4.593683479470201e-05
nwifield_chmret_leafoff,4,EMW,1,2,peak,1.3200914281696896e-06
nwifield_chmret_leafoff,4,EMW,2,3,ridge,7.4513163781375624e-06
nwifield_chmret_leafoff,4,EMW,3,4,shoulder,6.927463800820988e-06
nwifield_chmret_leafoff,4,EMW,4,5,spur,1.3397812836046796e-05
nwifield_chmret_leafoff,4,EMW,5,6,slope,3.358431058586575e-05
nwifield_chmret_leafoff,4,EMW,6,7,hollow,1.670205529080704e-05
nwifield_chmret_leafoff,4,EMW,7,8,footslope,2.4205832232837565e-05
nwifield_chmret_leafoff,4,EMW,8,9,valley,2.9190938221290708e-05
nwifield_chmret_leafoff,4,EMW,9,10,pit,3.9984270188142546e-06
nwifield_chmret_leafoff,4,FSW,0,1,flat,4.4945525587536395e-05
nwifield_chmret_leafoff,4,FSW,1,2,peak,1.5859637869652943e-06
nwifield_chmret_leafoff,4,FSW,2,3,ridge,9.789097930479329e-06
nwifield_chmret_leafoff,4,FSW,3,4,shoulder,8.796369002084248e-06
nwifield_chmret_leafoff,4,FSW,4,5,spur,1.788102053978946e-05
nwifield_chmret_leafoff,4,FSW,5,6,slope,4.0832026570569724e-05
nwifield_chmret_leafoff,4,FSW,6,7,hollow,1.7239255612366833e-05
nwifield_chmret_leafoff,4,FSW,7,8,footslope,2.3323129425989464e-05
nwifield_chmret_leafoff,4,FSW,8,9,valley,2.8914471840835176e-05
nwifield_chmret_leafoff,4,FSW,9,10,pit,3.8032480915717315e-06
nwifield_chmret_leafoff,4,SSW,0,1,flat,3.523820487316698e-05
nwifield_chmret_leafoff,4,SSW,1,2,peak,1.390036800330563e-06
nwifield_chmret_leafoff,4,SSW,2,3,ridge,7.108380032150308e-06
nwifield_chmret_leafoff,4,SSW,3,4,shoulder,6.605479484278476e-06
nwifield_chmret_leafoff,4,SSW,4,5,spur,1.2926425370096695e-05
nwifield_chmret_leafoff,4,SSW,5,6,slope,3.0498506021103822e-05
nwifield_chmret_leafoff,4,SSW,6,7,hollow,1.4018811270943843e-05
nwifield_chmret_leafoff,4,SSW,7,8,footslope,2.022327134909574e-05
nwifield_chmret_leafoff,4,SSW,8,9,valley,2.5387163987034e-05
nwifield_chmret_leafoff,4,SSW,9,10,pit,3.860606739181094e-06
nwifield_chmret_leafoff,4,UPL,0,1,flat,4.68792459287215e-05
nwifield_chmret_leafoff,4,UPL,1,2,peak,2.133417638106039e-06
nwifield_chmret_leafoff,4,UPL,2,3,ridge,9.988626516133081e-06
nwifield_chmret_leafoff,4,UPL,3,4,shoulder,7.754160833428614e-06
nwifield_chmret_leafoff,4,UPL,4,5,spur,1.676284591667354e-05
nwifield_chmret_leafoff,4,UPL,5,6,slope,4.22971133957617e-05
nwifield_chmret_leafoff,4,UPL,6,7,hollow,1.7560561900609173e-05
nwifield_chmret_leafoff,4,UPL,7,8,footslope,2.6816935132956132e-05
nwifield_chmret_leafoff,4,UPL,8,9,valley,2.578171915956773e-05
nwifield_chmret_leafoff,4,UPL,9,10,pit,4.7285766413551755e-06
nwifield_chmret_leafoff,4,overall,0,1,flat,4.324995097704232e-05
nwifield_chmret_leafoff,4,overall,1,2,peak,1.607377384971187e-06
nwifield_chmret_leafoff,4,overall,2,3,ridge,8.584354873164557e-06
nwifield_chmret_leafoff,4,overall,3,4,shoulder,7.5208681664662436e-06
nwifield_chmret_leafoff,4,overall,4,5,spur,1.5242026165651623e-05
nwifield_chmret_leafoff,4,overall,5,6,slope,3.68029905075673e-05
nwifield_chmret_leafoff,4,overall,6,7,hollow,1.638017056393437e-05
nwifield_chmret_leafoff,4,overall,7,8,footslope,2.3642292944714427e-05
nwifield_chmret_leafoff,4,overall,8,9,valley,2.73185723926872e-05
nwifield_chmret_leafoff,4,overall,9,10,pit,4.097714736417402e-06
